/r/north_america,North America
/r/AlaskaHighway,Alaska Highway
/r/arcticcircle,Arctic Circle
/r/CanadianMaritimes,Canadian Maritimes
/r/Cascadia,Cascadia
/r/cascades,Cascades Mountains
/r/PacificNorthwest,Pacific Northwest
/r/canada,Canada
/r/acadie,Acadie
/r/canadianmaritimes,Canadian Maritimes
/r/firstnations,First Nations
/r/laurentia,Laurentia Bioregion
/r/alberta,Alberta
/r/airdrie,Airdrie
/r/townofbanff,Banff
/r/banfflakelouise,Banff National Park
/r/bonnyville,Bonnyville
/r/calgary,Calgary
/r/Carstairs,Carstairs
/r/CochraneAB,Cochrane
/r/coldlake,Cold Lake
/r/Drumheller,Drumheller
/r/Edmonton,Edmonton
/r/edsonalberta,Edson
/r/fortmac,Fort Mac
/r/fortmcmurrayalberta,Fort McMurray Alberta
/r/fortmcmurray,Fort McMurray
/r/FortSaskatchewan,Fort Saskatchewan
/r/grandeprairie,Grande Prairie
/r/Hinton,Hinton
/r/jasper,Jasper
/r/Lacombe,Lacombe
/r/lakebonavitsa,Lake Bonavista
/r/LakeLouise,Lake Louise
/r/leduc,Leduc
/r/lethbridge,Letbridge
/r/lloydminster,Lloydminster
/r/medicinehat,Medicine Hat
/r/Morinville,Morinville
/r/okotoks,Okotoks
/r/olds,Olds
/r/reddeer,Red Deer
/r/Saddle_Hills_County,Saddle Hills County
/r/SharpHill,Sharp Hill
/r/sherwoodpark,Sherwood Park
/r/SpruceGrove,Spruce Grove
/r/stalbert,St. Albert
/r/StonyPlain,Stony Plain
/r/peacecountry,The Peace Country
/r/wainwright,Wainwright
/r/britishcolumbia,British Columbia
/r/beautifulbc,Beautiful BC
/r/abbotsford,Abbotsford
/r/abbotsfordbc,Abbotsford BC
/r/armstrong,Armstrong
/r/bralorne,Bralorne
/r/brentwoodbay,Brentwood Bay
/r/burnaby,Burnaby
/r/campbellriver,Campbell River
/r/capitalregion,Capital Region
/r/chilliwack,Chilliwack
/r/cloverdale,Cloverdale
/r/columbiavalley,Columbia Valley
/r/colwood,Colwood
/r/comoxvalley,Comox Valley
/r/coquitlam,Coquitlam
/r/cowichan,Cowichan Valley
/r/crestonbc,Creston
/r/DeltaBC,Delta
/r/dawsoncreek,Dawson Creek
/r/esquimalt,Esquimalt
/r/VillageofField,Field
/r/FortStJohn,Fort St. John
/r/fraservalley,Fraser Valley
/r/goldenbc,Golden
/r/GVRD,Greater Victoria Regional District
/r/gulfislands,Gulf Islands
/r/harrisonhotsprings,Harrison Hot Springs
/r/hopebc,Hope
/r/invermere,Invermere
/r/kamloops,Kamloops
/r/kelowna,Kelowna
/r/Kitimat,Kitimat
/r/kootenays,Kootenay
/r/Langford,Langford
/r/langley,Langley
/r/lantzville,Lantzville
/r/lasqueti,Lasqueti Island
/r/lillooet,Lillooet
/r/Lumby,Lumby
/r/mackenzie,Mackenzie
/r/mapleridge,Maple Ridge
/r/missionbc,Mission
/r/nanaimo,Nanaimo
/r/newwestminster,New Westminster
/r/nelsonbc,Nelson
/r/nebc,Northeastern British Columbia
/r/NorthWestBC,Northwest British Columbia
/r/oakbay,Oak Bay
/r/oceanfalls,Ocean Falls
/r/okanagan,Okanagan
/r/theOkanagan,Okanagan BC
/r/Parksville,Parksville
/r/PortCoquitlam,Port Coquitlam
/r/pemberton,Pemberton
/r/penticton,Penticton
/r/PowellRiverBC,Powell River
/r/princegeorge,Prince George
/r/PrinceRupert,Prince Rupert
/r/Quesnel,Quesnel
/r/RichmondBC,Richmond
/r/saltspringisland,Salt Spring Island
/r/saltspring,Salt Spring
/r/sechelt,Sechelt
/r/sooke,Sooke
/r/southsurrey,South Surrey
/r/south_island,South Vancouver Island
/r/squamish,Squamish
/r/Summerland,Summerland
/r/sunpeaks,Sun Peaks
/r/thecoast,Sunshine Coast
/r/sooke,Sooke
/r/terracebc,Terrace
/r/tofino,Tofino
/r/trailbc,Trail
/r/tsawwassen,Tsawwassen
/r/ucluelet,Ucluelet
/r/vancouver,Vancouver
/r/northvan,North Vancouver
/r/westvancouver,West Vancouver
/r/vancouverisland,Vancouver Island
/r/vernon,Vernon
/r/victoriabc,Victoria
/r/whistler,Whistler
/r/WhiteRock,White Rock
/r/willemien,Willemien
/r/williamslake,Williams Lake
/r/winfieldbc,Winfield
/r/Windermere,Windermere
/r/manitoba,Manitoba
/r/manitobacanada,Manitoba Canada
/r/brandon,Brandon
/r/brandonmanitoba,Brandon MB
/r/carberry,Carberry
/r/flinflon,Flin Flon
/r/souris,Souris
/r/SteAnne,Ste. Anne
/r/steinbach,Steinbach
/r/swanriver,Swan River
/r/ThePasMB,The Pas
/r/VictoriaBeachMB,Victoria Beach
/r/winnipeg,Winnipeg
/r/winnipegmanitoba,Winnipeg Manitoba
/r/winnipegmb,Winnipeg MB
/r/newbrunswickcanada,New Brunswick
/r/Bathurst,Bathurst
/r/Chipman,Chipman
/r/edmundston,Edmundston
/r/fredericton,Fredericton
/r/GrandManan,Grand Manan
/r/Miramichi,Miramichi
/r/moncton,Moncton
/r/Quispamsis,Quispamsis
/r/RiverviewNB,Riverview
/r/Rogersville,Rogersville
/r/Sackville,Sackville
/r/saintjohnnb,Saint John
/r/SussexNB,Sussex
/r/newfoundland,Newfoundland
/r/conceptionbaysouth,Conception Bay South
/r/CBNL,Corner Brook
/r/labcity,Labrador City
/r/MountPearl,Mount Pearl
/r/stjohnsnl,St. John's
/r/nwt,Northwest Territories
/r/Inuvik,Inuvik
/r/yellowknife,Yellowknife
/r/novascotia,Nova Scotia
/r/New_Scotland,New Scotland
/r/annapolisvalley,Annapolis Valley
/r/Antigonish,Antigonish
/r/capebreton,Cape Breton Island
/r/dartmouthnovascotia,Dartmouth
/r/EasternPassage,Eastern Passage
/r/fairmount,Fairmount
/r/guysborough,Guysborough
/r/halifax,Halifax
/r/Chezzetcook,Head of Chezzetcook
/r/Lunenburg,Lunenburg
/r/newglasgow,New Glasgow
/r/pictou,Pictou
/r/SableIsland,Sable Island
/r/sackvegas,Sackville
/r/Truro,Truro
/r/YarmouthNovaScotia,Yarmouth
/r/nunavut,Nunavut
/r/AlertCanada,Alert
/r/iqaluit,Iqaluit
/r/ontario,Ontario
/r/uppercanada,Upper Canada
/r/Acton,Acton
/r/addingtonhighlands,Addington Highlands
/r/algonquinpark,Algonquin Provincial Park
/r/allistonontario,Alliston Ontario
/r/alliston,Alliston
/r/Almonte,Almonte
/r/Annex,Annex
/r/Bancroft,Bancroft
/r/barrie,Barrie
/r/BarrieOntario,Barrie ON
/r/belleriver,Belle River
/r/BellevilleOntario,Belleville
/r/Binbrook,Binbrook
/r/brampton,Brampton
/r/brantford,Brantford
/r/bowmanville,Bowmanville
/r/Brockville,Brockville
/r/burlingtontario,Burlington-tario
/r/burlingtonon,Burlington ON
/r/cityofburlington,Burlington, city of
/r/cambridgeon,Cambridge ON
/r/cambridgeontario,Cambridge
/r/carletonplace,Carleton Place
/r/carlisleontario,Carlisle
/r/Cobourg,Cobourg
/r/constancebay,Constance Bay
/r/cookstown,Cookstown
/r/CornwallOnt,Cornwall
/r/cornwallon,Cornwall ON
/r/deep_river,Deep River
/r/DelhiON,Delhi
/r/donmills,Don Mills
/r/dorchesterontario,Dorchester
/r/dryden,Dryden
/r/Dundas,Dundas
/r/durham,Durham Region
/r/espanola,Espanola
/r/EssexOntario,Essex
/r/falconbridge,Falconbridge
/r/fonthill,Fonthill
/r/fortfrances,Fort Frances
/r/Frankford,Frankford
/r/georgetownontario,Georgetown
/r/goldentriangle,Golden Triangle
/r/grafton,Grafton
/r/greybruce,Grey Bruce
/r/guelph,Guelph
/r/haldimandnorfolk,Haldimand & Norfolk County
/r/haltonhills,Halton Hills
/r/hamilton,Hamilton
/r/kanata,Kanata
/r/kawarthalakes,Kawartha Lakes
/r/Keswick,Keswick
/r/KingstonOntario,Kingston
/r/kitchener,Kitchener
/r/lindsay,Lindsay
/r/lively,Lively
/r/londonontario,London
/r/ldnont,London ON
/r/LongPoint,Long Point
/r/lornepark,Lorne Park
/r/markham,Markham
/r/meaford,Meaford
/r/merrickville,Merrickville
/r/midland_on,Midland
/r/milton,Milton
/r/miltonon,Milton ON
/r/mississauga,Mississauga
/r/mitchell_ontario,Mitchell
/r/newmarket,Newmarket
/r/niagara,Niagara
/r/notl,Niagara-on-the-Lake
/r/NorfolkON,Norfolk
/r/northbay,North Bay
/r/OakRidges_Ontario,Oak Ridges
/r/oakville,Oakville
/r/orangeville,Orangeville
/r/orillia,Orillia
/r/Oshawa,Oshawa
/r/ottawa,Ottawa
/r/owensound,Owen Sound
/r/parrysound,Parry Sound
/r/peterborough,Peterborough
/r/ptbo,Peterborough ON
/r/petrolia,Petrolia
/r/pickering,Pickering
/r/Picton,Picton
/r/PortDover,Port Dover
/r/porthope,Port Hope
/r/portperry,Port Perry
/r/PrinceEdwardCounty,Prince Edward County
/r/quetico,Quetico Provincial Park
/r/renfrew,Renfrew
/r/richmondhill,Richmond Hill
/r/roncesvalles_village,Roncesvalles Village
/r/russellontario,Russell
/r/sarnia,Sarnia
/r/SaultSteMarie,Sault Sainte Marie
/r/scarborough,Scarborough
/r/shelburne,Shelburne
/r/905,Southern Ontario (905)
/r/southwesternontario,Southwestern Ontario
/r/sprucedale,Sprucedale
/r/stcatharines,St. Catharine's
/r/stcatharineson,St. Catharine's ON
/r/stthomasontario,St. Thomas
/r/stayner,Stayner
/r/stratfordontario,Stratford
/r/strathroy,Strathroy
/r/sudbury,Sudbury
/r/thornhill,Thornhill
/r/thunderbay,Thunder Bay
/r/tillsonburg,Tillsonburg
/r/Tobermory,Tobermory
/r/toronto,Toronto
/r/TurkeyPoint,Turkey Point
/r/VankleekHill,Vankleek Hill
/r/vaughan,Vaughan
/r/wasagabeach,Wasaga Beach
/r/waterloo,Waterloo
/r/waterlooregion,Waterloo Region
/r/Welland,Welland
/r/windsorontario,Windsor
/r/windsorontariocanada,Windsor Ontario
/r/woodstockont,Woodstock
/r/woodstockontario,Woodstock ON
/r/YarkerOntario,Yarker
/r/yrkregion,York Region
/r/pei,Prince Edward Island
/r/charlottetown,Charlottetown
/r/summerside,Summerside
/r/quebec,Québec
/r/abitibi,Abitibi-Témiscamingue
/r/Armagh,Armagh
/r/Aylmer,Aylmer
/r/Beauce,Beauce
/r/Chateauguay,Châteauguay
/r/Dorval,Dorval
/r/gatineau,Gatineau
/r/Kahnawake,Kahnawake Mohawk Territory
/r/villelasalle,LaSalle
/r/laval,Laval
/r/QuebecLevis,Lévis
/r/longueuil,Longueuil
/r/matane,Matane
/r/mistissini,Mistissini
/r/montreal,Montréal
/r/MontTremblant,Mont-Tremblant
/r/NorthHatley,North Hatley
/r/Outaouais,Outaouais
/r/pteclaire,Pointe-Claire
/r/quebeccity,Québec City
/r/RiveSud,Rive-Sud (South Shore)
/r/Rimouski,Rimouski
/r/riviereduloup,Riviere-du-Loup
/r/saguenay,Saguenay
/r/saglac,Saguenay-Lac-Saint-Jean
/r/sthyacinthe,Saint-Hyacinthe
/r/sjsr,Saint-Jean-sur-Richelieu
/r/valleyfield,Salaberry-de-Valleyfield
/r/sherbrooke,Sherbrooke
/r/troisrivieres,Trois-Rivières
/r/Verdun,Verdun
/r/victoriaville,Victoriaville
/r/westislandmtl,West Island
/r/saskatchewan,Saskatchewan
/r/delisle,Delisle
/r/EstevanSK,Estevan
/r/laclaronge,Lac La Ronge Provincial Park
/r/laronge,La Ronge
/r/moosejaw,Moose Jaw
/r/Prince_Albert,Prince Albert
/r/princealbertsk,Prince Albert SK
/r/regina,Regina
/r/saskatoon,Saskatoon
/r/weyburn,Weyburn
/r/yorkton,Yorkton
/r/yukon,Yukon
/r/unitedstates,United States
/r/unitedstatesofamerica,United States of America
/r/theunitedstates,The United States
/r/america,America
/r/EstadosUnidos,Estados Unidos
/r/FourCorners,Four Corners (AZ, CO, NM, UT)
/r/inlandnorthwest,Inland Northwest
/r/newengland,New England
/r/alabama,Alabama
/r/Anniston,Anniston
/r/ArabAlabama,Arab
/r/auburn,Auburn
/r/baldwincountyal,Baldwin County
/r/birmingham,Birmingham
/r/blountsville,Blountsville
/r/Calera,Calera
/r/CalhounCounty,Calhoun County
/r/Cullman,Cullman
/r/dothan,Dothan
/r/DothanAL,Dothan AL
/r/fairhopeAlabama,Fairhope
/r/FayetteCounty,Fayette County
/r/florenceal,Florence
/r/gadsden,Gadsden
/r/gordo,Gordo
/r/greenvilleal,Greenville
/r/Hartselle,Hartselle
/r/cityofhoover,Hoover
/r/HooverAL,Hoover AL
/r/huntsvillealabama,Huntsville
/r/JacksonvilleAL,Jacksonville
/r/Madisonalabama,Madison
/r/marshallcountyal,Marshall County
/r/mobileal,Mobile
/r/montgomery,Montgomery
/r/mountainbrook,Mountain Brook
/r/oba,Orange Beach
/r/OxfordAL,Oxford
/r/prattville,Prattville
/r/Ragland,Ragland
/r/selma,Selma
/r/shoals,Shoals
/r/251,Southwest Alabama (251)
/r/SummerdaleAL,Summerdale
/r/sylacauga,Sylacauga
/r/talladega,Talladega
/r/ThomasvilleAL,Thomasville
/r/Trussville,Trussville
/r/tuscaloosa,Tuscaloosa
/r/vestavia,Vestavia
/r/vestaviahills,Vestavia Hills
/r/alaska,Alaska
/r/AleutianIslands,Aleutian Islands
/r/Anchorage,Anchorage
/r/BarrowAK,Barrow
/r/Cordova,Cordova
/r/fairbanks,Fairbanks
/r/homerAK,Homer
/r/juneau,Juneau
/r/Kenai,Kenai
/r/ketchikan,Ketchikan
/r/kodiak,Kodiak
/r/MatSu,Matsu Valley
/r/nome,Nome
/r/PalmerAK,Palmer
/r/Seward,Seward
/r/Sitka,Sitka
/r/skagway,Skagway
/r/spenardak,Spenard
/r/sterlingalaska,Sterling
/r/Talkeetna,talkeetna
/r/valdez,Valdez
/r/Wasilla,Wasilla
/r/yukon,Yukon
/r/arizona,Arizona
/r/ahwatukeeAZ,Ahwatukee
/r/anthem,Anthem
/r/avondaleaz,Avondale
/r/Bagdad,Bagdad
/r/bisbee,Bisbee
/r/casagrandearizona,Casa Grande
/r/cavecreek,Cave Creek
/r/chandleraz,Chandler
/r/chinle,Chinle
/r/cochise,Cochise County
/r/flagstaff,Flagstaff
/r/fountainhills,Fountain Hills
/r/Gilbert,Gilbert
/r/GilbertArizona,Gilbert
/r/GlendaleAZ,Glendale
/r/grandcanyon,Grand Canyon National Park
/r/GoodyearAZ,Goodyear
/r/happyjack,Happy Jack
/r/heberovergaard,Heber-Overgaard
/r/jeromeaz,Jerome
/r/kingman,Kingman
/r/lakehavasucity,Lake Havasu City
/r/LakeHavasuCityAZ,Lake Havasu City AZ
/r/LitchfieldPark,Litchfield Park
/r/Marana,Marana
/r/maricopa,Maricopa
/r/mesaaz,Mesa
/r/mohavecounty,Mohave County
/r/NewRiver,New River
/r/Nogales,Nogales
/r/northphoenix,North Phoenix
/r/paradisevalley,Paradise Valley
/r/payson,Payson
/r/phoenix,Phoenix
/r/phoenixarizona,Phoenix Arizona
/r/phoenixaz,Phoenix AZ
/r/phx,Phoenix (PHX)
/r/prescott,Prescott
/r/queencreek,Queen Creek
/r/santanvalley,San Tan Valley
/r/scottsdale,Scottsdale
/r/sedona,Sedona
/r/sierravista,Sierra Vista
/r/sonoita,Sonoita
/r/surpriseaz,Surprise
/r/tempe,Tempe
/r/Tombstone,Tombstone
/r/tucson,Tucson
/r/WestValleyAZ,West Valley
/r/Wittmann,Wittmann
/r/yuma,Yuma
/r/arkansas,Arkansas
/r/naturalstate,Natural State
/r/almaarkansas,Alma
/r/ashdown,Ashdown
/r/Batesville,Batesville
/r/bentonarkansas,Benton
/r/bentonville,Bentonville
/r/buffaloriver,Buffalo River
/r/CabotArkansas,Cabot
/r/conwayar,Conway
/r/eurekasprings,Eureka Springs
/r/fayetteville,Fayetteville
/r/FayettevilleAr,Fayetteville AR
/r/fortsmith,Fort Smith
/r/hotsprings,Hot Springs
/r/jasperar,Jasper
/r/jonesboro,Jonesboro
/r/jonesboroar,Jonesboro AR
/r/littlerock,Little Rock
/r/malvern,Malvern
/r/maumelle,Maumelle
/r/Mountainhomearkansas,Mountain Home
/r/northwestarkansas,Northwest Arkansas
/r/NWAReddit,Northwest Arkansas (NWA)
/r/nwarkansas,NW Arkansas
/r/pinebluff,Pine Bluff
/r/stonesboroar,Stonesboro
/r/Subiaco,Subiaco
/r/texarkana,Texarkana
/r/Vilonia,Vilonia
/r/california,California
/r/NCAL,Northern California
/r/Dirty530,Northeast California (530)
/r/albanyca,Albany
/r/americancanyon,American Canyon
/r/AndersonValley,Anderson Valley
/r/antelope,Antelope
/r/arcata,Arcata
/r/auburnca,Auburn
/r/AuburnCalifornia,Auburn CA
/r/auburnlaketrails,Auburn Lake Trails
/r/alameda,Alameda
/r/Arcata,Arcata
/r/BayArea,Bay Area
/r/belmontca,Belmont
/r/benicia,Benicia
/r/berkeley,Berkeley
/r/berkeleyca,Berkeley CA
/r/bernalheights,Bernal Heights
/r/BonnydoonCA,Bonny Doon
/r/BoulderCreek,Boulder Creek
/r/burlingame,Burlingame
/r/calistoga,Calistoga
/r/Campbell,Campbell
/r/carmelbythesea,Carmel
/r/CarmelValley,Carmel Valley
/r/Castro,Castro
/r/ChicoCA,Chico
/r/citrusheights,Citrus Heights
/r/crockett,Crockett
/r/Cutten,Cutten
/r/Danville,Danville
/r/davisca,Davis
/r/Dixon,Dixon
/r/eastbay,East Bay
/r/elkgrove,Elk Grove
/r/Emeryville,Emeryville
/r/excelsiordistrict,Excelsior District
/r/fairfieldCA,Fairfield
/r/fairoaks,Fair Oaks
/r/folsom,Folsom
/r/Foresthill,Foresthill
/r/FortBraggCA,Fort Bragg
/r/fremont,Fremont
/r/Gilroy,Gilroy
/r/Glencove,Glen Cove
/r/grassvalley,Grass Valley
/r/greenvilleca,Greenville
/r/halfmoonbay,Half Moon Bay
/r/Hayward,Hayward
/r/humboldt,Humboldt
/r/HumboldtCounty,Humboldt County
/r/Humboldt_County,Humboldt_County
/r/hyampom,Hyampom
/r/kingsbeach,Kings Beach
/r/LafayetteCA,Lafayette
/r/lakecounty,Lake County
/r/LakeCountyCa,Lake County CA
/r/laketahoe,Lake Tahoe
/r/northlaketahoe,Lake Tahoe North
/r/southlaketahoe,Lake Tahoe South
/r/lagunitas,Lagunitas
/r/lincolnca,Lincoln
/r/losaltoshills,Los Altos Hills
/r/lgcalifornia,Los Gatos
/r/losgatoscalifornia,Los Gatos CA
/r/Magalia,Magalia
/r/manteca,Manteca
/r/marin,Marin County
/r/mckinleyville,Mckinleyville
/r/Mendocino,Mendocino
/r/Mendocino_Coast,Mendocino_Coast
/r/mendocinocoast,Mendocino Coast
/r/InMenlo,Menlo
/r/menlopark,Menlo Park
/r/millbrae,Millbrae
/r/MillValley,Mill Valley
/r/mln,Monta Loma
/r/Montara,Montara
/r/MontereyBay,Monterey Bay
/r/moraga,Moraga
/r/morganhill,Morgan Hill
/r/MountainHouseCA,Mountain House
/r/napa,Napa
/r/napavalley,Napa Valley
/r/NatividadCalifornia,Natividad
/r/nevadacity,Nevada City
/r/nevadacounty,Nevada County
/r/NewarkCA,Newark
/r/novato,Novato
/r/oakland,Oakland
/r/Orick,Orick
/r/orangevale,Orangevale
/r/orinda,Orinda
/r/pacificgrove,Pacific Grove
/r/pacifica,Pacifica
/r/paloalto,Palo Alto
/r/petaluma,Petaluma
/r/petalumaca,Petaluma CA
/r/piedmont,Piedmont
/r/piedmontca,Piedmont CA
/r/placerville,Placerville
/r/pleasanton,Pleasanton
/r/plumascountyca,Plumas County
/r/Redding,Redding
/r/RedwoodCity,Redwood City
/r/RichmondCA,Richmond
/r/rohnertpark,Rohnert Park
/r/Roseville,Roseville
/r/Sacramento,Sacramento
/r/SanAnselmo,San Anselmo
/r/SanBruno,San Bruno
/r/SanCarlos,San Carlos
/r/SanFrancisco,San Francisco
/r/sfmission,SF Mission District
/r/sftenderloin,SF Tenderloin District
/r/SanJose,San José
/r/sanleandro,San Leandro
/r/sanmateo,San Mateo
/r/SanMateoCounty,San Mateo County
/r/santaclara,Santa Clara
/r/SantaCruz,Santa Cruz
/r/SantaCruzLocals,Santa Cruz (locals)
/r/94901,San Rafael (94901)
/r/santarosa,Santa Rosa
/r/sausalito,Sausalito
/r/scotia,Scotia
/r/ScottsValley,Scotts Valley
/r/Seabright,Seabright
/r/sevastopol,Sevastopol
/r/solanocounty,Solano County
/r/sonoma,Sonoma
/r/sonomacounty,Sonoma County
/r/SouthSanFrancisco,South San Francisco
/r/siliconvalley,Silicon Valley
/r/StHelena,St. Helena
/r/SuisunCA,Suisun
/r/sunnyvale,Sunnyvale
/r/tahoe,Tahoe
/r/TehamaCounty,Tehama County
/r/tahoecity,Tahoe City
/r/tahoevista,Tahoe Vista
/r/truckee,Truckee
/r/ukiah,Ukiah
/r/unioncity,Union City
/r/vacaville,Vacaville
/r/walnutcreek,Walnut Creek
/r/Watsonville,Watsonville
/r/westoakland,West Oakland
/r/westsacramento,West Sacramento
/r/Willits,Willits
/r/WillowGlen,Willow Glen
/r/WindsorCalifornia,Windsor
/r/Woodland,Woodland
/r/yolocounty,Yolo County
/r/yubacityca,Yuba City
/r/atascadero,Atascadero
/r/Avenal,Avenal
/r/Bakersfield,Bakersfield
/r/BakersfieldCA,Bakersfield CA
/r/bigsur,Big Sur
/r/Bishop,Bishop
/r/cambria,Cambria
/r/cantuacreek,Cantua Creek
/r/cayucos,Cayucos
/r/centralvalley,Central Valley
/r/ceres,Ceres
/r/coalinga,Coalinga
/r/DeathValleyNP,Death Valley National Park
/r/Dinuba,Dinuba
/r/Farmersville,Farmersville
/r/Fresno,Fresno
/r/Hanford,Hanford
/r/kerman,Kerman
/r/kingcity,King City
/r/lodi,Lodi
/r/lompoc,Lompoc
/r/Madera,Madera
/r/mammothmountain,Mammoth Mountain
/r/Mariposa,Mariposa
/r/Merced,Merced
/r/Modesto,Modesto
/r/morrobay,Morro Bay
/r/Oakdale,Oakdale
/r/Oildale,Oildale
/r/pismo,Pismo Beach
/r/porterville,Porterville
/r/Salida,Salida
/r/salinas,Salinas
/r/slo,San Luis Obispo
/r/SantaMaria,Santa Maria
/r/SEKI,Sequoia & Kings Canyon National Parks
/r/shafter,Shafter
/r/shaverlake,Shaver Lake
/r/sonoraca,Sonora
/r/stocktonca,Stockton
/r/taft,Taft
/r/vacaville,Vacaville
/r/Visalia,Visalia
/r/waterford,Waterford
/r/woffordheights,Wofford Heights
/r/yosemite,Yosemite National Park
/r/socal,Southern California (SolCal)
/r/southerncalifornia,Southern California
/r/Southland,Southland
/r/agourahills,Agoura Hills
/r/alhambra,Alhambra
/r/altadena,Altadena
/r/Anaheim,Anaheim
/r/antelopevalley,Antelope Valley
/r/anzaborrego,Anza Borrego Desert State Park
/r/AtwaterVillage,Atwater Village
/r/BeaumontCa,Beaumont
/r/belmontshore,Belmont Shore
/r/beverlyhills,Beverly Hills
/r/BigBear,Big Bear
/r/Bloomington_Ca,Bloomington
/r/Brea,Brea
/r/BuenaPark,Buena Park
/r/burbank,Burbank
/r/calabasas,Calabasas
/r/CaliforniaCity,California City
/r/Camarillo,Camarillo
/r/canogapark,Canoga Park
/r/carlsbad,Carlsbad
/r/carlsbadca,Carlsbad CA
/r/carpinteria,Carpinteria
/r/CarsonCA,Carson
/r/ChulaVista,Chula Vista
/r/Claremont,Claremont
/r/CoachellaValley,Coachella Valley
/r/compton,Compton
/r/ConejoValley,Conejo Valley
/r/Corona,Corona
/r/cityofcorona,Corona CA
/r/covina,Covina
/r/culvercity,Culver City
/r/danapoint,Dana Point
/r/diamondbar,Diamond Bar
/r/eaglerock,Eagle Rock
/r/eaglerockca,Eagle Rock CA
/r/EastCounty,East County
/r/eastla,East Los Angeles
/r/eastvale,Eastvale
/r/EchoPark,Echo Park
/r/EdwardsAFB,Edwards Air Force Base
/r/ElSegundo,El Segundo
/r/fountainvalley,Fountain Valley
/r/Fullerton,Fullerton
/r/glamis,Glamis
/r/glendale,Glendale
/r/GranadaHills,Granada Hills
/r/grandterrace,Grand Terrace
/r/goleta,Goleta
/r/HaciendaHeights,Hacienda Heights
/r/hemetca,Hemet
/r/HighDesert,High Desert
/r/Hollydale,Hollydale
/r/HollywoodCA,Hollywood
/r/HuntingtonBeach,Huntington Beach
/r/indio,Indio
/r/Imperial_Beach,Imperial Beach
/r/imperialvalley,Imperial Valley
/r/InlandEmpire,Inland Empire
/r/Irvine,Irvine
/r/talkirvine,Irvine CA
/r/islavista,Isla Vista
/r/Jamul,Jamul
/r/joshuatree,Joshua Tree National Park
/r/kern,Kern River
/r/kernvalley,Kern Valley
/r/LaCrescentaCA,La Crescenta
/r/lahabra,La Habra
/r/LaHabraCA,La Habra CA
/r/lajolla,La Jolla
/r/lamesa,La Mesa
/r/LaPresa,La Presa
/r/LaPuente,La Puente
/r/LaQuinta,La Quinta
/r/laverne,La Verne
/r/LaderaRanch,Ladera Ranch
/r/Lakewood_CA,Lakewood
/r/Lawndale,Lawndale
/r/LongBeach,Long Beach
/r/LosAngeles,Los Angeles
/r/cityofla,Los Angeles, city of
/r/dtla,Los Angeles Downtown
/r/LAWestside,Los Angeles Westside
/r/lynwood,Lynwood
/r/malibu,Malibu
/r/ManhattanBeach,Manhattan Beach
/r/marinadelrey,Marina Del Rey
/r/Miraloma,Mira Loma
/r/missionbeach,Mission Beach
/r/missionviejo,Mission Viejo
/r/mojave,Mojave
/r/MojaveNP,Mojave National Park
/r/monrovia,Monrovia
/r/montereypark,Monterey Park
/r/montecito,Montecito
/r/moorpark,Moorpark
/r/MorenoValley,Moreno Valley
/r/murrietareddit,Murrieta
/r/nationalcity,National City
/r/needlesca,Needles
/r/newportbeach,Newport Beach
/r/NewportBeachCA,Newport Beach CA
/r/Norco,Norco
/r/NortheastLA,Northeast Los Angeles
/r/northcounty,North County
/r/noho,North Hollywood (NoHo)
/r/northhollywood,North Hollywood
/r/norwalkca,Norwalk
/r/oakpark,Oak Park
/r/oceanside,Oceanside
/r/ojai,Ojai
/r/OrangeCounty,Orange County
/r/oxnard,Oxnard
/r/PacificPalisades,Pacific Palisades
/r/palmdale,Palmdale
/r/palmsprings,Palm Springs
/r/palosverdes,Palos Verdes
/r/Pasadena,Pasadena
/r/poway,Poway
/r/RamonaCalifornia,Ramona
/r/ranchosantamargarita,Rancho Santa Margarita
/r/Redlands,Redlands
/r/redondobeach,Redondo Beach
/r/Reseda,Reseda
/r/rialto,Rialto
/r/Ridgecrest,Ridgecrest
/r/CityofRiverside,Riverside
/r/Riverslime,Riverside (Riverslime)
/r/RiversideCounty,Riverside County
/r/RowlandHeights,Rowland Heights
/r/saltonsea,Salton Sea
/r/SanBernardino,San Bernardino
/r/SanBernardinoCounty,San Bernardino County
/r/909,San Bernardino (909)
/r/SanClemente,San Clemente
/r/SanDiego,San Diego
/r/sandimas,San Dimas
/r/SFV,San Fernando Valley
/r/sangabriel,San Gabriel
/r/sgv,San Gabriel Valley
/r/sanjuancapistrano,San Juan Capistrano
/r/sanmarcosca,San Marcos
/r/sanmarcos760,San Marcos (760)
/r/sanmarino,San Marino
/r/sanpedro,San Pedro
/r/santaana,Santa Ana
/r/SantaBarbara,Santa Barbara
/r/santaclarita,Santa Clarita
/r/SantaClaritaValley,Santa Clarita Valley
/r/Santamonica,Santa Monica
/r/SantaMonicaMountains,Santa Monica Mountains
/r/santaynez,Santa Ynez Valley
/r/santee,Santee
/r/SealBeach,Seal Beach
/r/Signalhill,Signal Hill
/r/Silverlake,Silverlake
/r/simivalley,Simi Valley
/r/simi_valley,Simi_Valley
/r/SouthBayLA,South Bay
/r/southpasadena,South Pasadena
/r/Tehachapi,Tehachapi
/r/temecula,Temecula
/r/templecity,Temple City
/r/thousandoaks,Thousand Oaks
/r/tolucalake,Toluca Lake
/r/torrance,Torrance
/r/tustin,Tustin
/r/tustinca,Tustin CA
/r/upland,Upland
/r/venice,Venice
/r/Ventura,Ventura
/r/venturacounty,Ventura County
/r/Walnut,Walnut
/r/weho,West Hollywood (WeHo)
/r/westhollywood,West Hollywood
/r/westwood,Westwood
/r/Whittier,Whittier
/r/WhittierCA,Whittier CA
/r/wrightwood,Wrightwood
/r/YorbaLinda,Yorba Linda
/r/yucaipa,Yucaipa
/r/colorado,Colorado
/r/Arvada,Arvada
/r/Aspen,Aspen
/r/auroraco,Aurora
/r/beavercreek,Beaver Creek
/r/Breckenridge,Breckenridge
/r/Broomfield,Broomfield
/r/boulder,Boulder
/r/castlerock,Castle Rock
/r/coloradosprings,Colorado Springs
/r/Cortez,Cortez
/r/denver,Denver
/r/MileHighCity,Denver (MileHighCity)
/r/denverwest,Denver West
/r/durango,Durango
/r/EagleColorado,Eagle
/r/eaglecounty,Eagle County
/r/eaglevail,Eagle-Vail
/r/EnglewoodLittletonCO,Englewood-Littleton
/r/ErieCO,Erie CO
/r/ErieColorado,Erie
/r/estespark,Estes Park
/r/fortcollins,Fort Collins
/r/foco,Fort Collins (FoCo)
/r/FourCorners,Four Corners Region
/r/fruita,Fruita
/r/GoldenCO,Golden
/r/grandjunction,Grand Junction
/r/grandjunctionco,Grand Junction CO
/r/grandlake,Grand Lake
/r/Greeley,Greeley
/r/greeleyCO,Greeley CO
/r/gunnison,Gunnison County
/r/Gypsum,Gypsum
/r/highlandsranch,Highlands Ranch
/r/Kremmling,Kremmling
/r/KremmlingCo,Kremmling CO
/r/La_Junta,La Junta
/r/PBville,Leadville
/r/Littleton,Littleton
/r/longmont,Longmont
/r/LouisvilleCO,Louisville CO
/r/LouisvilleColorado,Louisville
/r/loveland,Loveland
/r/lucernecolorado,Lucerne
/r/lyons,Lyons
/r/manitousprings,Manitou Springs
/r/North_Colorado,North Colorado
/r/NoCo,Northen Colorado
/r/PeytonColorado,Peyton
/r/pueblo,Pueblo
/r/roaringfork,Roaring Fork
/r/RMNP,Rocky Mountain National Park
/r/SLV,San Luis Valley
/r/snowmass,Snowmass Village
/r/summit,Summit County
/r/thorton,Thorton
/r/twn,Thornton Westminster Northglenn
/r/trinidadco,Trinidad
/r/vail,Vail
/r/westerncolorado,Western Colorado
/r/willametteco,Willamette
/r/wolfcreek,Wolf Creek
/r/connecticut,Connecticut
/r/Ansonia,Ansonia
/r/bethelct,Bethel
/r/BridgeportCT,Bridgeport
/r/BroadBrookCT,Broad Brook
/r/Danbury,Danbury
/r/EasternCT,Eastern Connecticut
/r/east_haddam,East Haddam
/r/EnfieldCT,Enfield
/r/fairfield,Fairfield
/r/fairfieldcounty,Fairfield County
/r/FarmingtonValley,Farmington Valley
/r/GlastonburyCT,Glastonbury
/r/Greenwich,Greenwich
/r/groton,Groton
/r/hartford,Hartford
/r/litchfieldct,Litchfield County
/r/06443,Madison (06443)
/r/SilkCity,Manchester
/r/meridenct,Meriden
/r/Milford,Milford
/r/milford_CT,Milford CT
/r/newbritain,New Britain
/r/newhaven,New Haven
/r/newlondon,New London
/r/Newmilford,New Milford
/r/NortheastConnecticut,Northeast Connecticut
/r/NortheastCT,Northeast CT
/r/norwichct,Norwich
/r/PlainfieldConn,Plainfield
/r/pointowoods,Point O' Woods
/r/oldlymect,Old Lyme
/r/oldsaybrook,Old Saybrook
/r/reddingct,Redding
/r/RockyHill,Rocky Hill
/r/sheltonct,Shelton
/r/Somers,Somers
/r/Southington,Southington
/r/Sono,South Norwalk
/r/stamfordconn,Stamford
/r/StamfordCT,Stamford CT
/r/StratfordCT,Stratford
/r/TollandCT,Tolland
/r/torringtonct,Torrington
/r/WaterburyCT,Waterbury
/r/WatertownCT,Watertown
/r/westhartford,West Hartford
/r/WestportCT,Westport
/r/wethersfield,Wethersfield
/r/WoodburyCT,Woodbury
/r/Woodstockct,Woodstock
/r/delaware,Delaware
/r/DoverDE,Dover
/r/newarkde,Newark
/r/oceanview,Ocean View
/r/wilmingtonDE,Wilmington
/r/washingtondc,Washington DC
/r/washington_dc,Washington_DC
/r/districtofcolumbia,District of Columbia
/r/brookland,Brookland
/r/cleveland_park,Cleveland Park
/r/georgetown,Georgetown
/r/MountVernonSquareDC,Mt. Vernon Square
/r/MountVernonTriangleDC,Mt. Vernon Triangle
/r/nomadc,NoMa
/r/olney,Olney
/r/petworth,Petworth
/r/TakomaDC,Takoma
/r/takomapark,Takoma Park
/r/florida,Florida
/r/annamariaisland,Anna Maria Island
/r/apalachicola,Apalachicola
/r/apopka,Apopka
/r/Auburndale,Auburndale
/r/aventura,Aventura
/r/belleview,Belleview
/r/321,Brevard County (321)
/r/bostwick,Bostwick
/r/boyntonbeach,Boynton Beach
/r/bradenton,Bradenton
/r/brandonFL,Brandon
/r/brevardfl,Brevard County
/r/broward,Broward
/r/capecoral,Cape Coral
/r/captiva,Captiva Island
/r/Celebration,Celebration
/r/centralflorida,Central Florida
/r/charlottecounty,Charlotte County
/r/citruscountyflorida,Citrus County
/r/clearwaterfl,Clearwater
/r/Clermont,Clermont
/r/ClermontFL,Clermont FL
/r/coconutcreek,Coconut Creek
/r/coconutgrove,Coconut Grove
/r/coralgables,Coral Gables
/r/coralsprings,Coral Springs
/r/crawfordville,Crawfordville
/r/davie,Davie
/r/DaytonaBeach,Daytona Beach
/r/debary,Debary
/r/deerfieldbeach,Deerfield Beach
/r/deland,DeLand
/r/delraybeach,Delray Beach
/r/deltona,Deltona
/r/destin,Destin
/r/DunedinFlorida,Dunedin
/r/dunnellon,Dunnellon
/r/Ellenton,Ellenton
/r/englewoodfl,Englewood
/r/estero,Estero
/r/Everglades,Everglades National Park
/r/fernandinabeach,Fernandina Beach
/r/flaglerbeach,Flagler Beach
/r/floridakeys,Florida Keys
/r/FloridaKeysandKeyWest,Florida Keys-Key West
/r/fortlauderdale,Fort Lauderdale
/r/FortMyers,Fort Myers
/r/FtMyers_FL,Fort Myers FL
/r/fortwaltonbeach,Fort Walton Beach
/r/gnv,Gainesville
/r/panhandlegulfcoast,Gulf Coast
/r/GulfportFL,Gulfport
/r/HernandoCountyFlorida,Hernando County
/r/highlands,Highlands County
/r/HomesteadFL,Homestead
/r/immokalee,Immokalee
/r/jacksonville,Jacksonville
/r/jacksonvillebeach,Jacksonville Beach
/r/JupiterFL,Jupiter
/r/KeyLargo,Key Largo
/r/KeyWest,Key West
/r/kissimmee,Kissimmee
/r/LakeCity,Lake City
/r/lakecityflorida,Lake City FL
/r/lake,Lake County
/r/lakeland,Lakeland
/r/LakeWales,Lake Wales
/r/LakewoodRanch,Lakewood Ranch
/r/lakeworth,Lake Worth
/r/LongwoodFL,Longwood
/r/MarcoIsland,Marco Island
/r/melbourneflorida,Melbourne
/r/melbourneFL,Melbourne FL
/r/merrittisland,Merritt Island
/r/miami,Miami
/r/MiltonFL,Milton
/r/mountdora,Mt. Dora
/r/MyakkaCity,Myakka City
/r/myakkacityFL,Myakka City FL
/r/naples_fl,Naples
/r/NavarreNow,Navarre
/r/Niceville,Niceville
/r/386,Northern Florida (386)
/r/NorthFlorida,North Florida
/r/nwfl,Northwest Florida
/r/ocala,Ocala
/r/ocoee,Ocoee
/r/orangepark,Orange Park
/r/407,Orlando Area (407)
/r/orlando,Orlando
/r/orlandodisneyarea,Orlando Disney Area
/r/greaterorlando,Orlando Greater Area
/r/OrmondBeachFL,Ormond Beach
/r/palmbeach,Palm Beach
/r/palmcoast,Palm Coast
/r/Palmetto,Palmetto
/r/palmharbor,Palm Harbor
/r/panamacity,Panama City
/r/PCB,Panama City Beach (PCB)
/r/panamacitybeach,Panama City Beach
/r/parrish,Parrish
/r/Pasco,Pasco County
/r/pembrokepines,Pembroke Pines
/r/pensacola,Pensacola
/r/pensacolabeach,Pensacola Beach
/r/pinellas,Pinellas County
/r/PlantCity,Plant City
/r/polk,Polk County
/r/863,Polk County (863)
/r/pontevedra,Ponte Vedra
/r/portcharlotte,Port Charlotte
/r/portorange,Port Orange
/r/portstjoe,Port St. Joe
/r/portstjohn,Port St. John
/r/PortStLucie,Port St. Lucie
/r/riverside,Riverside
/r/RockledgeFL,Rockledge
/r/Sanford,Sanford
/r/SanfordFL,Sanford FL
/r/sanibel,Sanibel Island
/r/sarasota,Sarasota
/r/seaside,Seaside
/r/sebring,Sebring
/r/springhillfla,Spring Hill
/r/south_florida,South_Florida
/r/southflorida,South Florida
/r/southwalton,South Walton
/r/southwood,Southwood
/r/staugustine,St. Augustine
/r/staugustinebeach,St. Augustine Beach
/r/stjohnscounty,St. John's County
/r/stpetersburgfl,St. Petersburg
/r/swfl,Southwest Florida
/r/SunnyIslesBeach,Sunny Isles Beach
/r/tampa,Tampa
/r/tampabay,Tampa Bay
/r/tallahassee,Tallahassee
/r/tlh,Tallahassee (TLH)
/r/tequesta,Tequesta
/r/ThorntonPark,Thornton Park
/r/titusville,Titusville
/r/772,Treasure Coast (772)
/r/treasurecoast,Treasure Coast
/r/valrico,Valrico
/r/veniceflorida,Venice
/r/Venice_FL,Venice FL
/r/WellingtonFL,Wellington
/r/WestPalmBeachFl,West Palm Beach
/r/WinterPark,Winter Park
/r/georgia,Georgia
/r/georgiausa,Georgia USA
/r/acworth,Acworth
/r/albanyga,Albany
/r/alpharetta,Alpharetta
/r/athens,Athens
/r/atlanta,Atlanta
/r/Auburn_GA,Auburn
/r/augusta,Augusta
/r/barrowcounty,Barrow County
/r/Brookhaven,Brookhaven
/r/CamdenGA,Camden
/r/cantonga,Canton
/r/carrolltongeorgia,Carrollton
/r/cartersville,Cartersville
/r/cherokeecountyga,Cherokee County
/r/CobbCounty,Cobb County
/r/Cochran,Cochran
/r/columbiacounty,Columbia County
/r/columbusga,Columbus
/r/conyers,Conyers
/r/cumming,Cumming
/r/CummingGA,Cumming GA
/r/dacula,Dacula
/r/dahlonega,Dahlonega
/r/daltonga,Dalton
/r/Dawsonville,Dawsonville
/r/decaturga,Decatur
/r/dvillega,Douglasville
/r/dublinGA,Dublin
/r/DuluthGA,Duluth
/r/Dunwoody,Dunwoody
/r/snobbery,East Cobb County
/r/eastpoint,East Point
/r/Ellijay,Ellijay
/r/fayco,Fayette County
/r/FalconCrest,Falcon Crest
/r/flowerybranch,Flowery Branch
/r/forsyth,Forsyth County
/r/franklincountyga,Franklin County
/r/grovetown,Grovetown
/r/gwinnett,Gwinnett County
/r/Henrycounty,Henry County
/r/HinesvilleGA,Hinesville
/r/hollyspringsga,Holly Springs
/r/jasperga,Jasper
/r/jekyllisland,Jekyll Island
/r/johnscreek,Johns Creek
/r/kennesaw,Kennesaw
/r/lagrange,La Grange
/r/leesburgga,Leesburg
/r/lilburn,Lilburn
/r/ludowici,Ludowici
/r/mableton,Mableton
/r/macon,Macon
/r/maconbibb,Macon-Bibb County
/r/marietta,Marietta
/r/mariettaga,Marietta GA
/r/middlegeorgia,Middle Georgia
/r/midtownatlanta,Midtown Atlanta
/r/milledgeville,Milledgeville
/r/newnan,Newnan
/r/northgeorgia,North Georgia
/r/OakwoodGA,Oakwood
/r/paulding,Paulding County
/r/rockdale,Rockdale
/r/RockdaleCounty,Rockdale County
/r/romega,Rome
/r/roswell,Roswell
/r/sandysprings,Sandy Springs
/r/savannah,Savannah
/r/smyrna,Smyrna
/r/SEGANEFL,Southeast Georgia
/r/SouthGARedditors,South Georgia
/r/stsimonsisland,St. Simons Island
/r/statesboro,Statesboro
/r/stonemtn,Stone Mountain
/r/summervillega,Summerville
/r/Toccoa,Toccoa
/r/ToombsCounty,Toombs County
/r/valdosta,Valdosta
/r/waycross,Waycross
/r/westgeorgia,West Georgia
/r/woodstockga,Woodstock
/r/hawaii,Hawaii
/r/bigisland,Big Island
/r/hanamaui,Hana
/r/honolulu,Honolulu
/r/kailuakona,Kailua
/r/kauai,Kauai
/r/kona,Kona
/r/maui,Maui
/r/idaho,Idaho
/r/boise,Boise
/r/coeurdalene,Coeur d'Alene
/r/easternidaho,Eastern Idaho
/r/Gooding,Gooding
/r/idahofalls,Idaho Falls
/r/inlandnorthwest,Inland Northwest
/r/kuna,Kuna
/r/McCallIdaho,McCall
/r/moscowidaho,Moscow
/r/mountainhomeidaho,Mountain Home
/r/nampa,Nampa
/r/northidaho,North Idaho
/r/pocatello,Pocatello
/r/rexburg,Rexburg
/r/Sandpoint,Sandpoint
/r/SunValley,Sun Valley
/r/twinfalls,Twin Falls
/r/illinois,Illinois
/r/albanypark,Albany Park
/r/AltonNews,Alton
/r/andersonvillechicago,Andersonville
/r/ArlingtonHeights,Arlington Heights
/r/AuroraIL,Aurora IL
/r/auroraillinois,Aurora
/r/barringtonil,Barrington
/r/BartlettIllinois,Bartlett
/r/Batavia,Batavia
/r/bellevilleIL,Belleville
/r/berwyn,Berwyn
/r/Bethalto,Bethalto
/r/bloomingtonil,Bloomington
/r/bloomingtonnormal,Bloomington-Normal
/r/BuffaloGrove,Buffalo Grove
/r/webstercounty,Buffalo Grove (Webster County)
/r/CantonIL,Canton
/r/Carbondale,Carbondale
/r/Carpentersville,Carpentersville
/r/carolstream,Carol Stream
/r/centralillinois,Central Illinois
/r/Champaign,Champaign
/r/chambana,Champaign-Urbana (Chambana)
/r/champaignurbana,Champaign-Urbana
/r/charlestonil,Charleston
/r/Chatsworth,Chatsworth
/r/chicago,Chicago
/r/chicagoland,Chicago Metro Area
/r/chicagosuburbs,Chicago Suburbs
/r/NearWestSuburbs,Chicago Near West Suburbs
/r/southside,Chicago Southside
/r/WestTown,Chicago West
/r/Decatur,Decatur
/r/deerfield,Deerfield
/r/dekalb,De Kalb
/r/dekalbarea,De Kalb Area
/r/desplaines,Des Plaines
/r/DownersGrove,Downers Grove
/r/eastpeoria,East Peoria
/r/edwardsvilleil,Edwardsville
/r/eville,Edwardsville (Eville)
/r/elgin,Elgin
/r/elginillinois,Elgin IL
/r/Elmhurst,Elmhurst
/r/evanston,Evanston
/r/evanstonil,Evanston IL
/r/franklinpark,Franklin Park
/r/freeport,Freeport
/r/Galena,Galena
/r/galesburg,Galesburg
/r/GeneseoIllinois,Geneseo
/r/GenevaIL,Geneva
/r/GraniteCity,Granite City
/r/grayslake,Grayslake
/r/Grayslakeillinois,Grayslake IL
/r/gurnee,Gurnee
/r/Highland,Highland
/r/hinsdale,Hinsdale
/r/homerglen,Homer Glen
/r/huntley,Huntley
/r/jolietillinois,Joliet
/r/SKankakee,Kankakee County
/r/lakecounty,Lake County
/r/lakezurichil,Lake Zurich
/r/LaSalleCounty,La Salle County
/r/libertyville,Libertyville
/r/lombard,Lombard
/r/lilacvillage,Lombard (Lilac Village)
/r/MacombIL,Macomb
/r/Makanda,Makanda
/r/Marengo,Marengo
/r/McHenry,McHenry
/r/mchenrycounty,McHenry County
/r/metroeast,Metro East
/r/metroeastil,Metro East IL
/r/MonmouthIL,Monmouth
/r/mtmorris,Mt. Morris
/r/Mundelein,Mundelein
/r/naperville,Naperville
/r/newbaden,New Baden
/r/newlenox,New Lenox
/r/NormalIL,Normal
/r/northaurora,North Aurora
/r/northbrook,Northbrook
/r/NorthCentralIllinois,North Central Illinois
/r/OakLawn,Oak Lawn
/r/oakparkil,Oak Park
/r/orlandpark,Orland Park
/r/palatine,Palatine
/r/Parkridge,Park Ridge
/r/pekinillinois,Pekin
/r/peoria,Peoria
/r/peoriaIL,Peoria IL
/r/Plainfield,Plainfield
/r/PontiacIllinois,Pontiac
/r/PortagePark,Portage Park
/r/quincy,Quincy
/r/riverforestillinois,River Forest
/r/rochesteril,Rochester
/r/rockford,Rockford
/r/roundlake,Round Lake
/r/schaumburg,Schaumburg
/r/skankakee,Skankakee
/r/618,Southern Illinois (618)
/r/southernillinois,Southern Illinois
/r/springfieldil,Springfield
/r/StCharlesIL,St. Charles
/r/stclairco,St. Clair County
/r/tuscola,Tuscola
/r/vernonhills,Vernon Hills
/r/waukegan,Waukegan
/r/westernillinois,Western Illinois
/r/westmontil,Westmont
/r/Wilmette,Wilmette
/r/wrigleyville,Wrigleyville
/r/Yorkville,Yorkville
/r/indiana,Indiana
/r/AndersonIN,Anderson
/r/BatesvilleUnited,Batesville
/r/bloomington,Bloomington
/r/broadripple,Broadripple
/r/Carmel,Carmel
/r/carmelin,Carmel IN
/r/chesterton,Chesterton
/r/columbusin,Columbus IN
/r/columbusindiana,Columbus
/r/connersville,Connersville
/r/corydon,Corydon
/r/CrownPointIndiana,Crown Point
/r/Elkhart,Elkhart
/r/evansville,Evansville
/r/evansvilleindiana,Evansville IN
/r/Fishers,Fishers
/r/fortwayne,Fort Wayne
/r/HuntingtonIN,Huntington
/r/indianapolis,Indianapolis
/r/Kendallville,Kendallville
/r/kokomo,Kokomo
/r/lafayette,Lafayette
/r/laporte,La Porte
/r/Logansport,Logansport
/r/madtown,Madison
/r/Marktown,Marktown
/r/michiana,Michiana
/r/MichiganCityIndiana,Michigan City
/r/muncie,Muncie
/r/newalbany,New Albany
/r/newamsterdam,New Amsterdam
/r/TheOtherNewHaven,New Haven
/r/nwi,Northwest Indiana (NWI)
/r/NorthwestIndiana,Northwest Indiana
/r/219,Northwest Indiana (219)
/r/newburghin,Newburgh
/r/owencounty,Owen County
/r/paoli,Paoli
/r/richmondindiana,Richmond
/r/RidgeportIndiana,Ridgeport
/r/SalemIN,Salem
/r/southbend,South Bend
/r/terrehaute,Terre Haute
/r/valparaiso,Valparaiso
/r/Vevay,Vevay
/r/WestfieldIndy,Westfield
/r/WinonaLake,Winona Lake
/r/Zionsville,Zionsville
/r/iowa,Iowa
/r/ames,Ames
/r/ankeny,Ankeny
/r/Burlingtoniowa,Burlington
/r/camanche,Camanche
/r/cedarfalls,Cedar Falls
/r/cedarrapids,Cedar Rapids
/r/clintoniowa,Clinton
/r/ColfaxIowa,Colfax
/r/coralville,Coralville
/r/councilbluffs,Council Bluffs
/r/decorah,Decorah
/r/desmoines,Des Moines
/r/dubuque,Dubuque
/r/fairfieldiowa,Fairfield
/r/fortdodge,Fort Dodge
/r/GlenwoodIowa,Glenwood
/r/iowacity,Iowa City
/r/LuVerne,Lu Verne
/r/maquoketa,Maquoketa
/r/marioniowa,Marion
/r/Marshalltown,Marshalltown
/r/masoncity,Mason City
/r/north_iowa_reddit,North Iowa
/r/NorthLiberty,North Liberty
/r/RuralNWIowa,Northwest Iowa
/r/okoboji,Okoboji
/r/OrangeCity,Orange City
/r/PleasantvilleIA,Pleasantville
/r/quadcities,Quad Cities Area
/r/siouxcity,Sioux City
/r/swi,Southwest Iowa
/r/spenceriowa,Spencer
/r/waterlooiowa,Waterloo
/r/westdesmoines,West Des Moines
/r/kansas,Kansas
/r/atchison,Atchison
/r/BaldwinCity,Baldwin City
/r/baxtersprings,Baxter Springs
/r/CollegeHill,College Hill
/r/DerbyKansas,Derby
/r/DeSotoKS,De Soto
/r/Emporia,Emporia
/r/gcks,Garden City (GCKS)
/r/gardencityks,Garden City KS
/r/GardenCityKansas,Garden City Kansas
/r/hutchinson,Hutchinson
/r/JohnsonCounty,Johnson County
/r/kansascity,Kansas City
/r/Leavenworth,Leavenworth
/r/lawrence,Lawrence
/r/Lenexa,Lenexa
/r/LouisburgKS,Louisburg
/r/littleapple,Manhattan
/r/manhattanks,Manhattan KS
/r/moundcity,Mound City
/r/newtonkansas,Newton
/r/olathe,Olathe
/r/overlandpark,Overland Park
/r/prairievillage,Prairie Village
/r/pvkansas,Prairie Village KS
/r/republiccountykansas,Republic County
/r/shawnee,Shawnee
/r/topeka,Topeka
/r/wichita,Wichita
/r/kentucky,Kentucky
/r/ashlandkentucky,Ashland
/r/ashlandky,Ashland KY
/r/Bardstown,Bardstown
/r/BellevueKY,Bellevue
/r/bowlinggreen,Bowling Green
/r/boylecounty,Boyle County
/r/campbellsville,Campbellsville
/r/corbinky,Corbin
/r/covington,Covington
/r/DanvilleKY,Danville
/r/easternky,Eastern Kentucky
/r/etown,Elizabethtown
/r/FlorenceKY,Florence
/r/frankfort,Frankfort
/r/gallatinky,Gallatin County
/r/glasgowky,Glasgow
/r/gravescounty,Graves County
/r/HarlanKY,Harlan
/r/hopkinsville,Hopkinsville
/r/hoptown,Hopkinsville (Hoptown)
/r/lakecumberland,Lake Cumberland
/r/lawrenceburg,Lawrenceburg
/r/lexington,Lexington
/r/lexingtonhangouts,Lexington Hangouts
/r/LexingtonKY,Lexington KY
/r/louisville,Louisville
/r/maysville,Maysville
/r/morehead,Morehead
/r/mtsterling,Mt. Sterling
/r/newportky,New Port
/r/NEKentucky,North East Kentucky
/r/northernky,Northern Kentucky
/r/nky,Northern Kentucky (NKY)
/r/Okolona,Okolona
/r/olivehill,Olive Hill
/r/owensboro,Owensboro
/r/OwensboroKY,Owensboro KY
/r/paducah,Paducah
/r/pikeville,Pikeville
/r/pulaskikentucky,Pulaski County
/r/redrivergorge,Red River Gorge
/r/richmondky,Richmond
/r/shelbyky,Shelbyville
/r/sladeky,Slade
/r/SomersetKY,Somerset
/r/webstercounty,Webster County
/r/westkentucky,West Kentucky
/r/winchesterky,Winchester
/r/louisiana,Louisiana
/r/acadiana,Acadiana
/r/ascensionparish,Ascension Parish
/r/batonrouge,Baton Rouge
/r/bellechasse,Belle Chasse
/r/bogalusa,Bogalusa
/r/bossiercity,Bossier City
/r/centrallouisiana,Central Louisiana
/r/covingtonla,Covington
/r/DenhamSprings,Denham Springs
/r/Eunice,Eunice
/r/gonzales,Gonzales
/r/hammond,Hammond
/r/houma,Houma
/r/jeffersonparish,Jefferson Parish
/r/lafayetteLA,Lafayette
/r/lakecharles,Lake Charles
/r/lakecharleslouisiana,Lake Charles LA
/r/metry,Metairie
/r/morgancity,Morgan City
/r/newiberia,New Iberia
/r/neworleans,New Orleans
/r/NOLA,NOLA (New Orleans)
/r/newroads,New Roads
/r/northlouisiana,North Louisiana
/r/Nela,Northeast Louisiana
/r/nwla,Northwest Louisiana
/r/plaquemine,Plaquemine
/r/ponchatoula,Ponchatoula
/r/shreveport,Shreveport
/r/stcharlesparish,St. Charles Parish
/r/StFrancisville,St. Francisville
/r/thibodaux,Thibodaux
/r/westmonroe,West Monroe
/r/maine,Maine
/r/theothermaine,Maine, the other
/r/Aroostook,Aroostook County
/r/bangorme,Bangor
/r/bronyisland,Brony Island
/r/pryantpond,Bryant Pond
/r/ellsworth,Ellsworth
/r/freeportmaine,Freeport
/r/gorham,Gorham
/r/kennebunk,Kennebunk
/r/lewiston,Lewiston
/r/LewistonAuburn,Lewiston-Auburn
/r/OrientME,Orient
/r/PortlandMaine,Portland
/r/portlandme,Portland ME
/r/Waterville,Waterville
/r/maryland,Maryland
/r/annapolis,Annapolis
/r/annearundelcountymd,Anne Arundel County
/r/butus,Arbutus
/r/baltimore,Baltimore
/r/BelAirMD,Bel Air
/r/Beltsville,Beltsville
/r/bethesda,Bethesda
/r/bettsville,Bettsville
/r/BeverlyBeach,Beverly Beach
/r/thebbc,Breton bay
/r/BrunswickMD,Brunswick
/r/carrollcounty,Carroll County
/r/carrollcountymd,Carroll County MD
/r/Ceciltucky,Cecil County
/r/charlescounty,Charles County
/r/chesapeakebay,Chesapeake Bay
/r/chasemd,Chase
/r/Cheverly,Cheverly
/r/columbiamd,Columbia
/r/crofton_md,Crofton
/r/cumberland_maryland,Cumberland
/r/damascusmd,Damascus
/r/dundalkmd,Dundalk
/r/easternshoremd,Eastern Shore
/r/edmonston,Edmonston
/r/elkton,Elkton
/r/Emmitsburg,Emmitsburg
/r/EssexWhat,Essex
/r/frederickmd,Frederick
/r/germantown,Germantown
/r/Glenelg,Glenelg
/r/hagerstown,Hagerstown
/r/hampden,Hampden
/r/HarfordMD,Harford
/r/harfordcountymd,Harford County
/r/HowardCountyMD,Howard County
/r/Joppatowne,Joppatowne
/r/lansdownemd,Lansdowne
/r/laurelmd,Laurel
/r/lusby,Lusby
/r/Middletownmd,Middletown
/r/Montgomerycounty,Montgomery County
/r/montgomerycountymd,Montgomery County MD
/r/NorthBethesda,North Bethesda
/r/NoBe,North Bethesda-White Flint (NoBe)
/r/odenton,Odenton
/r/oceancity,Ocean City
/r/parkville,Parkville
/r/pasadenamd,Pasadena
/r/perryhall,Perryhall
/r/poolesville,Poolesville
/r/princegeorgescounty,Prince George's County
/r/QueenAnnesCounty,Queen Anne's County
/r/Reisterstown,Reisterstown
/r/Rockville,Rockville
/r/rockvillemd,Rockville MD
/r/Scaggsville,Scaggsville
/r/SilverSpring,Silver Spring
/r/somd,South Maryland
/r/stmaryscounty,St. Mary's County
/r/TalbotCounty,Talbot County
/r/takomapark,Takoma Park
/r/UrbanaMD,Urbana
/r/washingtoncountymd,Washington County
/r/westernmaryland,Western Maryland
/r/WestminsterMaryland,Westminster
/r/WheatonMD,Wheaton
/r/wyeoak,Wye Oak
/r/massachusetts,Massachusetts
/r/mass,Mass
/r/adamsma,Adams
/r/actonma,Acton
/r/agawam,Agawam
/r/allstonrockcity,Allston
/r/Amesbury,Amesbury
/r/amherst,Amherst
/r/andover,Andover
/r/attleboro,Attleboro
/r/TheBerkshires,Berkshire County
/r/BlackstoneMA,Blackstone
/r/boston,Boston
/r/eastie,Boston East
/r/MetroBoston,Boston Metro
/r/brightonma,Brighton
/r/brookline,Brookline
/r/burlingtonma,Burlington
/r/Camberville,Camberville
/r/cambridgeMA,Cambridge
/r/CambridgeCityHall,Cambridge City Hall
/r/capecod,Cape Cod
/r/Townofcarver,Carver
/r/central_ma,Central_Massachusetts
/r/centralma,Central Massachusetts
/r/ChelseaMA,Chelsea
/r/ChestnutHill,Chestnut Hill
/r/chicopee,Chicopee
/r/cohasset,Cohasset
/r/ConcordMA,Concord
/r/CoolidgeCorner,Coolidge Corner
/r/dedham,Dedham
/r/Dorchester,Dorchester
/r/eastarlington,East Arlington
/r/eastbridgewater,East Bridgewater
/r/Easthampton,East Hampton
/r/EastLongmeadow,East Longmeadow
/r/fallriver,Fall River
/r/framinghamma,Framingham
/r/FranklinMA,Franklin MA
/r/franklinmass,Franklin
/r/gaithersburg,Gaithersburg
/r/georgetownMa,Georgetown
/r/gloucester,Gloucester
/r/GloucesterMA,Gloucester MA
/r/GreatBarrington,Great Barrington
/r/Greenfield,Greenfield
/r/GrotonMA,Groton
/r/groveland,Groveland
/r/holyoke,Holyoke
/r/Hopkunton,Hopkunton
/r/HudsonMA,Hudson
/r/HydeParkMA,Hyde Park
/r/JamaicaPlain,Jamaica Plain
/r/KendallSquare,Kendall Square
/r/LowellMA,Lowell MA
/r/lowellmass,Lowell Mass
/r/lowellmassachusetts,Lowell Massachusetts
/r/Ludlow,Ludlow
/r/LudlowMA,Ludlow MA
/r/LynnMA,Lynn
/r/malden,Malden
/r/mansfieldma,Mansfield
/r/Marblehead,Marblehead
/r/marlborough,Marlborough
/r/RealMarshVegas,Marshfield
/r/Medfield,Medfield
/r/medfordma,Medford MA
/r/MedfordMass,Medford
/r/Methuen,Methuen
/r/metrowest,Metro West
/r/millbury,Millbury
/r/Millis,Millis
/r/MiltonMA,Milton
/r/Nantucket,Nantucket
/r/Natick,Natick
/r/newbedford,New Bedford
/r/newburyport,Newbury Port
/r/newtonma,Newton
/r/NorthAdams,North Adams
/r/01535,North Brookfield (01535)
/r/northampton,Northampton
/r/NorthamptonMA,Northampton MA
/r/northshore,North Shore
/r/norwood,Norwood
/r/01960,Peabody (01960)
/r/peabodyma,Peabody
/r/pioneervalley,Pioneer Valley
/r/happyvalley,Pioneer Valley (Happy Valley)
/r/PittsfieldMass,Pittsfield
/r/plymouthma,Plymouth
/r/quinceyma,Quincy
/r/ReadingMA,Reading
/r/rehobothma,Rehoboth
/r/roxbury,Roxbury
/r/SalemMA,Salem
/r/Saugus,Saugus
/r/SharonMA,Sharon
/r/SheffieldMa,Sheffield
/r/sherborn,Sherborn
/r/shrewsbury,Shrewsbury
/r/somerville,Somerville
/r/southbridge,Southbridge
/r/southcoast,South Coast
/r/south_hadley,South Hadley
/r/southshore,South Shore
/r/southwick,Southwick
/r/springfield,Springfield
/r/stoneham,Stoneham
/r/stoughton,Stoughton
/r/taunton,Taunton
/r/tauntonma,Taunton
/r/townsend,Townsend
/r/TurnersFalls,Turners Falls
/r/WakefieldMA,Wakefield
/r/Walpole,Walpole
/r/Waltham,Waltham
/r/watertown,Watertown
/r/wellesley,Wellesley
/r/413,Western MA (413)
/r/wmass,Western Mass (WMASS)
/r/westernma,Western MA
/r/Western_Mass,Western_Mass
/r/westernmass,Western Massachusetts
/r/WestfieldMA,Westfield
/r/WestSpringfield,West Springfield
/r/weston,Weston
/r/Whitinsville,Whitinsville
/r/Williamstown,Williamstown
/r/WinchesterMass,Winchester
/r/woburn,Woburn
/r/worcesterma,Worcester
/r/Wrentham,Wrentham
/r/michigan,Michigan
/r/allendale,Allendale
/r/almont,Almont
/r/alpena,Alpena
/r/annarbor,Ann Arbor
/r/battlecreek,Battle Creek
/r/cerealcity,Battle Creek (CerealCity)
/r/BayCityMichigan,Bay City
/r/bentonharbor,Benton Harbor
/r/birminghammi,Birmingham
/r/blanchard,Blanchard
/r/BloomfieldHills,Bloomfield Hills
/r/charlevoix,Charlevoix
/r/coonrapids,Coon Rapids
/r/Coopersville,Coopersville
/r/davison,Davison
/r/detroit,Detroit
/r/metrodetroit,Detroit, Metro
/r/dewitt,DeWitt
/r/downriver,Downriver Area
/r/durand,Durand
/r/eastlansing,East Lansing
/r/elkriver,Elk River
/r/FarmingtonHills,Farmington Hills
/r/Ferndale,Ferndale
/r/flint,Flint
/r/flintmi,Flint MI
/r/freeland,Freeland
/r/Fruitport,Fruitport
/r/GardenCityMI,Garden City
/r/GrandHavenMI,Grand Haven MI
/r/GrandHaven,Grand Haven
/r/grandrapids,Grand Rapids
/r/grossepointe,Grosse Pointe
/r/hamtramck,Hamtramck
/r/harborsprings,Harbor Springs
/r/haslett,Haslett
/r/HesperiaMI,Hesperia
/r/hollandmichigan,Holland
/r/hollandmi,Holland MI
/r/houghton,Houghton
/r/howardcity,Howard City
/r/Hudsonville,Hudsonville
/r/IrishHills,Irish Hills
/r/ironmountain,Iron Mountain
/r/jacksonmi,Jackson
/r/kzoo,Kalamazoo
/r/kentcountymichigan,Kent County
/r/keweenaw,Keweenaw
/r/lakelinden,Lake Linden
/r/lansing,Lansing
/r/lapeer,Lapeer
/r/leelanau,Leelanau
/r/Lenawee,Lenawee
/r/livonia,Livonia
/r/lowell,Lowell
/r/Ludington,Ludington
/r/mackinac,Mackinac
/r/MasonMI,Mason
/r/marinecity,Marine City
/r/MQT,Marquette
/r/MeridianTwp,Meridian Township
/r/mesickmi,Mesick
/r/michigancity,Michigan City
/r/Midland,Midland
/r/midland_mi,Midland MI
/r/milfordmi,Milford
/r/MonroeMI,Monroe
/r/Montague,Montague
/r/mtbrighton,Mt. Brighton
/r/mtpleasantmi,Mt. Pleasant
/r/muskegon,Muskegon
/r/NewBaltimore,New Baltimore
/r/Northville,Northville
/r/oaklandcounty,Oakland County
/r/okemos,Okemos
/r/owosso,Owosso
/r/ParmaMI,Parma
/r/petoskey,Petoskey
/r/PlymouthMI,Plymouth
/r/pontiacmi,Pontiac
/r/posen,Posen
/r/rochesterhills,Rochester Hills
/r/romeomi,Romeo
/r/royaloak,Royal Oak
/r/saginaw,Saginaw
/r/SaginawMichigan,Saginaw MI
/r/SaginawBay,Saginaw Bay
/r/shelbytwp,Shelby
/r/SouthBend,South Bend
/r/southwestmichigan,Southwest Michigan
/r/swmich,SW Michigan
/r/swartzcreek,Swartz Creek
/r/stclairshores,St. Clair Shores
/r/saintclairshores,Saint Clair Shores
/r/St_Joseph,St. Joseph
/r/traversecity,Traverse City
/r/uppermichigan,Upper Michigan
/r/UPmichigan,Upper Peninsula
/r/washtenawannarbor,Washtenaw
/r/westmi,West Michigan
/r/westernlowermichigan,Western Lower Michigan
/r/Whitehall,Whitehall
/r/WhiteLake,White Lake
/r/Woodhaven,Woodhaven
/r/woodhavenmi,Woodhaven MI
/r/wyomingmi,Wyoming
/r/yooper,Yooper
/r/ypsilanti,Ypsilanti
/r/ypsi,Ypsilanti (YPSI)
/r/minnesota,Minnesota
/r/alexandriamn,Alexandria
/r/anokamn,Anoka
/r/applevalley,Apple Valley
/r/armatage,Armatage
/r/bemidji,Bemidji
/r/bloomingtonmn,Bloomington
/r/brainerd,Brainerd
/r/buffalominnesota,Buffalo
/r/burnsvillemn,Burnsville
/r/cambridgeminnesota,Cambridge
/r/carvercounty,Carver County
/r/chanhassen,Chanhassen
/r/chaska,Chaska
/r/coonrapids,Coon Rapids
/r/cottagegrove,Cottage Grove
/r/duluth,Duluth
/r/eaganmn,Eagan
/r/eastbethelmn,East Bethel
/r/edenprairie,Eden Prairie
/r/elkriver,Elk River
/r/grandrapidsmn,Grand Rapids
/r/hastingsmn,Hastings
/r/hibbing,Hibbing
/r/isantimn,Isanti
/r/kassonmantorville,Kasson and Mantorville
/r/mankato,Mankato
/r/marshallmn,Marshall
/r/minneapolis,Minneapolis
/r/minnetonka,Minnetonka
/r/FargoMoorhead,Moorhead-Fargo
/r/morrismn,Morris
/r/moundmn,Mound
/r/moundsview,Mounds View
/r/northfield,Northfield
/r/owatonna,Owatonna
/r/plymouthmn,Plymouth
/r/redwingmn,Red Wing
/r/richfield,Richfield
/r/rochestermn,Rochester
/r/rochesterminnesota,Rochester MN
/r/rosemount,Rosemount
/r/rosemountmn,Rosemount MN
/r/saintbutt,Saint Butt
/r/saintbuttminnesota,Saint Butt MN
/r/saintpaul,Saint Paul
/r/stpaul,St. Paul
/r/stpaulpark,St. Paul Park
/r/saintpeter,Saint Peter
/r/shakopee,Shakopee
/r/staples_minnesota,Staples
/r/twincities,Twin Cities
/r/twincitiessocial,Twin Cities Social
/r/waconia,Waconia
/r/waterville,Waterville
/r/willmar,Willmar
/r/windommn,Windom
/r/winona,Winona
/r/woodburyminnesota,Woodbury
/r/mississippi,Mississippi
/r/amory,Amory
/r/biloxi,Biloxi
/r/clevelandms,Cleveland
/r/edgewoodms,Edgewood
/r/ellisville,Ellisville
/r/hattiesburg,Hattiesburg
/r/jacksonms,Jackson
/r/longbeachmississippi,Long Beach
/r/meridian,Meridian
/r/natchez,Natchez
/r/oceansprings,Ocean Springs
/r/ptownms,Petal
/r/philadelphiams,Philadelphia
/r/pontotoc,Pontotoc
/r/southaven,Southaven
/r/Starkville,Starkville
/r/tunica,Tunica
/r/tupelo,Tupelo
/r/TupeloMS,Tupelo MS
/r/missouri,Missouri
/r/alton,Alton
/r/bolivarmo,Bolivar
/r/bransonmo,Branson
/r/BunkerMissouri,Bunker
/r/ChillicotheMissouri,Chillicothe
/r/columbiamo,Columbia
/r/co_mo,Columbia (Co_Mo)
/r/columbiamissouri,Columbia MO
/r/dextermo,Dexter
/r/FultonMo,Fulton
/r/jackson_missouri,Jackson
/r/jacksonmo,Jackson MO
/r/joplin,Joplin
/r/joplinmo,Joplin MO
/r/kansascity,Kansas City
/r/kirksville,Kirksville
/r/libertymo,Liberty
/r/Maryville,Maryville
/r/MidMo,Middle Missouri
/r/MissouriCity,Missouri City
/r/montgomerycountymo,Montgomery County
/r/newmadridcounty,New Madrid County
/r/nwmissouri,Northwest Missouri
/r/OakvilleSTL,Oakville
/r/ozarkmo,Ozark
/r/ozarks,Ozarks
/r/lakeoftheozarks,Ozarks Lakes
/r/PleasantHillMo,Pleasant Hill
/r/Rayville,Rayville
/r/rolla,Rolla
/r/sedalia,Sedalia
/r/springfieldmo,Springfield
/r/stcharlesmo,St. Charles
/r/stclairmo,St. Clair
/r/stjoemo,St. Joseph
/r/stlouis,St. Louis
/r/stlouiscounty,St. Louis County
/r/StLouisMO,St. Louis MO
/r/unionmo,Union
/r/washmo,Washington
/r/warrensburg,Warrensburg
/r/westplains,West Plains
/r/wildwoodmo,Wildwood
/r/willardmo,Willard
/r/montana,Montana
/r/bigsky,Big Sky
/r/billings,Billings
/r/bitterroot,Bitterroot Valley
/r/bozeman,Bozeman
/r/butte,Butte
/r/darbymt,Darby
/r/glacier,Glacier National Park
/r/GlacierPark,Glacier Park
/r/greatfalls,Great Falls
/r/havre,Havre
/r/helena,Helena
/r/kalispell,Kalispell
/r/missoula,Missoula
/r/ruralmt,Rural Montana
/r/whitefish,Whitefish
/r/nebraska,Nebraska
/r/aurorane,Aurora
/r/blair,Blair
/r/douglascounty,Douglas County
/r/fremontne,Fremont
/r/hastingsne,Hastings
/r/hastingsnebraska,Hastings NE
/r/kearney,Kearney
/r/KenesawNebraska,Kenesaw
/r/lincoln,Lincoln
/r/omaha,Omaha
/r/Scottsbluffnebraska,Scottsbluff
/r/Stromsburg,Stromsburg
/r/WesternNebraska,Western Nebraska
/r/nevada,Nevada
/r/bouldercity,Boulder City
/r/carsoncity,Carson City
/r/crystalbay,Crystal Bay
/r/elko,Elko
/r/elyNV,Ely
/r/CityOfHenderson,Henderson
/r/inclinevillage,Incline Village
/r/lasvegas,Las Vegas
/r/LasVegasNevada,Las Vegas NV
/r/vegas,(Las) Vegas
/r/Mesquite,Mesquite
/r/nevadacity,Nevada City
/r/PerfectionValley,Perfection Valley
/r/reno,Reno
/r/RenoNV,Reno NV
/r/tahoe,Tahoe
/r/zephyrcove,Zephyr Cove
/r/newhampshire,New Hampshire
/r/concordnh,Concord
/r/conwaynh,Conway
/r/durhamnh,Durham
/r/etna,Etna
/r/keene,Keene
/r/winnipesaukee,Lake Winnipesaukee
/r/manchesternh,Manchester
/r/milfordnh,Milford
/r/nashua,Nashua
/r/PeterboroughNH,Peterborough
/r/Pittsfieldnh,Pittsfield
/r/portsmouthnh,Portsmouth
/r/rochesternh,Rochester
/r/salemnh,Salem
/r/seacoastnh,Seacoast
/r/tuckermanravine,Tuckerman Ravine
/r/watervillevalleynh,Waterville Valley
/r/newjersey,New Jersey
/r/jersey,Jersey
/r/acquackanonk,Acquackanonk
/r/asburypark,Asbury Park
/r/atlanticcity,Alantic City
/r/whitebrier,Avalon
/r/BayonneNJ,Bayonne
/r/Belmar,Belmar
/r/bergencity,Bergen City
/r/bernardsville,Bernardsville
/r/Blairstown,Blairstown
/r/blairstowne,Blairstowne
/r/boonton,Boonton
/r/BordentownNJ,Bordentown
/r/Bridgeton,Bridgeton
/r/caldwell,Caldwell
/r/CamdenCountyNJ,Camden County
/r/capemay,Cape May
/r/Carlstadt,Carlstadt
/r/centraljersey,Central Jersey
/r/CherryHillNJ,Cherry Hill
/r/clifton,Clifton
/r/collingswood,Collingswood
/r/Cranbury,Cranbury
/r/Cresskill,Cresskill
/r/eastbrunswick,East Brunswick
/r/edisonnj,Edison
/r/elmwoodpark,Elmwood Park
/r/fairlawn,Fair Lawn
/r/Flemington,Flemington
/r/FortLee,Fort Lee
/r/gibbsboro,Gibbsboro
/r/gloucestercounty,Gloucester County
/r/hackettstown,Hackettstown
/r/haddonfield,Haddonfield
/r/haddontownship,Haddon Township
/r/hammonton,Hammonton
/r/hazlet,Hazlet
/r/hoboken,Hoboken
/r/hudsoncounty,Hudson County
/r/jerseycity,Jersey City
/r/kearny,Kearny
/r/livingston,Livingston
/r/longbeachisland,Long Beach Island
/r/marlton,Marlton
/r/MaysLanding,Mays Landing
/r/Metuchen,Metuchen
/r/MiddlesexNJ,Middlesex
/r/Millville,Millville
/r/monmouthcounty,Monmouth County
/r/Montclairnj,Montclair NJ
/r/NJMontclair,Montclair
/r/montgomerynj,Montgomery
/r/morriscounty,Morris County
/r/morristownnj,Morristown
/r/mountainlakes,Mountain Lakes
/r/newark,Newark
/r/NewBrunswickNJ,New Brunswick
/r/newmilfordnj,New Milford
/r/NewProvidence,New Providence
/r/northjersey,North Jersey
/r/northernnewjersey,Northern New Jersey
/r/OceanCityNewJersey,Ocean City
/r/oceancitynj,Ocean City NJ
/r/oceancounty,Ocean County
/r/oceangrove,Ocean Grove
/r/pennington,Pennington
/r/pittsgrove,Pittsgrove
/r/rahway,Rahway
/r/ramseynj,Ramsey
/r/redbank,Red Bank
/r/Ringwood,Ringwood
/r/Rutherfordnj,Rutherford
/r/sayreville,Sayreville
/r/SeaIsleCity,Sea Isle City
/r/SomersetNJ,Somerset
/r/somersetnj,Somerset County
/r/southjersey,South Jersey
/r/609,Southeastern & Central (609)
/r/springfieldnj,Springfield
/r/sussexcounty,Sussex County
/r/tenafly,Tenafly
/r/trentonnj,Trenton
/r/Vineland,Vineland
/r/washingtontwp,Washington Township
/r/westorange,West Orange
/r/newmexico,New Mexico
/r/albuquerque,Albuquerque
/r/artesianm,Artesia
/r/BloomfieldNM,Bloomfield
/r/carlsbadnm,Carlsbad
/r/ClovisNewMexico,Clovis
/r/gallup,Gallup
/r/gallupnm,Gallup NM
/r/lascruces,Las Cruces
/r/losalamos,Los Alamos
/r/lovington,Lovington
/r/QuayCounty,Quay County
/r/RoswellNM,Roswell
/r/newmex,Southern New Mexico
/r/santafe,Santa Fe
/r/silvercity,Silver City
/r/taos,Taos
/r/Tucumcari,Tucumcari
/r/newyork,New York
/r/empirestate,Empire State
/r/adirondacks,Adirondack Park
/r/agloe,Agloe
/r/albany,Albany
/r/albany_newyork,Albany NY
/r/Allegany,Allegany State Park
/r/amsterdamny,Amsterdam
/r/astoria,Astoria
/r/AuburnNY,Auburn
/r/bayridge,Bay Ridge
/r/beacon,Beacon
/r/beaconny,Beacon NY
/r/binghamton,Binghamton
/r/binghamtonny,Binghamton NY
/r/brewster,Brewster
/r/Brockville,Brockville
/r/bronx,Bronx
/r/bronxville,Bronxville
/r/brooklyn,Brooklyn
/r/buffalo,Buffalo
/r/bushwick,Bushwick
/r/cny,Central New York
/r/CentralPark,Central Park
/r/chappaquany,Chappaqua
/r/cherryvalley,Cherry Valley
/r/cobleskill,Cobleskill
/r/clarkstown,Clarkstown
/r/coneyisland,Coney Island
/r/cooperstownny,Cooperstown
/r/corning,Corning
/r/cortlandny,Cortland
/r/crownheights,Crown Heights
/r/eastaurora,East Aurora
/r/eastmeadow,East Meadow
/r/eastvillage,East Village
/r/elma,Elma
/r/elmiraNY,Elmira
/r/endicott,Endicott
/r/ForestHills,Forest Hills
/r/fortgreene,Fort Greene
/r/FranklinSquare,Franklin Square
/r/Genesee,Genesee County
/r/GenevaNY,Geneva
/r/glensfalls,Glens Falls
/r/GlensFallsNY,Glens Falls NY
/r/greaterbinghamton,Greater Binghamton
/r/greatneck,Great Neck
/r/greenwichvillage,Greenwich Village
/r/harlemusa,Harlem
/r/Hornell,Hornell
/r/HudsonNY,Hudson
/r/hudsonvalley,Hudson Valley
/r/hton,Huntington
/r/HuntingtonNY,Huntington NY
/r/ithaca,Ithaca
/r/jacksonheights,Jackson Heights
/r/jamestownny,Jamestown
/r/larchmont,Larchmont
/r/liverpool_ny,Liverpool
/r/lbny,Long Beach
/r/longbeachny,Long Beach NY
/r/longisland,Long Island
/r/lowereastside,Lower East Side
/r/mahopac,Mahopac
/r/maltany,Malta
/r/manhattan,Manhattan
/r/Massena,Massena
/r/mechanicville,Mechanicville
/r/millbrook,Millbrook
/r/Narrowsburg,Narrowsburg
/r/nassaucounty,Nassau County
/r/newhydepark,New Hyde Park
/r/nyc,New York City
/r/localnyc,New York City, locals
/r/uptownnyc,New York City, Uptown
/r/newburgh,Newburgh
/r/cityofnewburghny,Newburgh NY
/r/niskayuna,Niskayuna
/r/northportny,North Port
/r/pelham,Pelham
/r/Ogdensburg,Ogdensburg
/r/olean,Olean
/r/orangecountyny,Orange County NY
/r/ocny,Orange County
/r/ossining,Ossining
/r/owego,Owego
/r/parkslope,Park Slope
/r/Pelham,Pelham
/r/PhilmontNY,Philmont
/r/phoenixny,Phoenix
/r/plattsburgh,Plattsburgh
/r/12901,Plattsburgh (12901)
/r/PortWashington,Port Washington
/r/queens,Queens
/r/Queensbury,Queensbury
/r/rhinebeck,Rhinebeck
/r/ridgewood,Ridgewood
/r/rochester,Rochester
/r/rockland,Rockland County
/r/rooseveltisland,Roosevelt Island
/r/ryeny,Rye
/r/Salamanca,Salamanca
/r/saratogasprings,Saratoga Springs
/r/scarsdale,Scarsdale
/r/schenectady,Schenectady
/r/schoharie,Schoharie County
/r/scottsville,Scottsville
/r/SouthWedge,South Wedge
/r/stanfordville,Stanfordville
/r/statenisland,Staten Island
/r/syracuse,Syracuse
/r/thehamptons,The Hamptons
/r/troy,Troy
/r/troyny,Troy NY
/r/upstate_new_york,Upstate New York
/r/utica,Utica
/r/vancortlandtpark,Van Cortlandt Park
/r/vestal,Vestal
/r/wantagh,Wantagh
/r/Warwick_NY,Warwick
/r/watertownny,Watertown
/r/wny,Western New York
/r/websterny,Webster
/r/wellsvilleny,Wellsville
/r/westchester,Westchester County
/r/westislip,West Islip
/r/westnewyork,West New York
/r/WhitePlainsNY,White Plains
/r/williamsburg,Williamsburg
/r/williamson,Williamson
/r/yonkers,Yonkers
/r/northcarolina,North Carolina
/r/asheboro,Asheboro
/r/asheville,Asheville
/r/boone,Boone
/r/brevard,Brevard
/r/brysoncity,Bryson City
/r/buncombe,Buncombe County
/r/BurlingtonNC,Burlington
/r/cabarruscounty,Cabarrus County
/r/cary,Cary
/r/chapelhill,Chapel Hill
/r/charlotte,Charlotte
/r/cherokeenc,Cherokee
/r/concordnc,Concord
/r/cornelius,Cornelius
/r/creedmoor,Creedmoor
/r/DentonNC,Denton
/r/bullcity,Durham
/r/edenton,Edenton
/r/elizabethcity,Elizabeth City
/r/fayettenam,Fayetteville
/r/forestcity,Forest City
/r/Fuquayvarina,Fuquay Varina
/r/gastonia,Gastonia
/r/goldsboronc,Goldsboro
/r/gso,Greensboro
/r/gvegas,Greenville
/r/hampstead,Hampstead
/r/HarrisburgNC,Harrisburg
/r/hendersonville,Hendersonville
/r/highpointnc,High Point
/r/Hillsborough,Hillsborough
/r/HollySpringsNC,Holly Springs
/r/hopemills,Hope Mills
/r/huntersville,Huntersville
/r/IndianTrailNC,Indian Trail
/r/jacksonvillenc,Jacksonville
/r/lakegaston,Lake Gaston
/r/lkn,Lake Norman Area
/r/leland,Leland
/r/Lenoir,Lenoir
/r/lexingtonnc,Lexington
/r/Mocksville,Mocksville
/r/monroe,Monroe
/r/morrisville,Morrisville
/r/mountairy,Mount Airy
/r/NewaygoCounty,Newaygo County
/r/oracoke,Oracoke Island
/r/obx,Outer Banks
/r/pinehurst,Pinehurst
/r/raleigh,Raleigh
/r/rockinghamnc,Rockingham
/r/rockinghamcountync,Rockingham County
/r/rockymountnc,Rocky Mount
/r/rutherfordton,Rutherfordton
/r/SanfordNC,Sanford
/r/shallotte,Shallotte
/r/shelbyNC,Shelby
/r/sneadsferry,Sneads Ferry
/r/sprucepine,Spruce Pine
/r/surfcity,Surf City
/r/thomasville,Thomasville
/r/topsail,Topsail Island
/r/Triangle,Triangle
/r/waxhaw,Waxhaw
/r/Waynesville,Waynesville
/r/wnc,Western North Carolina
/r/wilmington,Wilmington
/r/WilsonNC,Wilson
/r/winstonsalem,Winston-Salem
/r/zebulon,Zebulon
/r/northdakota,North Dakota
/r/Bathgate,Bathgate
/r/bismarck,Bismarck
/r/BismarckMandan,Bismarck-Mandan
/r/beulah,Beulah
/r/fargo,Fargo
/r/FargoMoorhead,Fargo-Moorhead
/r/grandforks,Grand Forks
/r/GreaterGrandForks,Greater Grand Forks
/r/hettinger,Hettinger
/r/jamestownnd,Jamestown
/r/mandan,Mandan
/r/minot,Minot
/r/Thompson_northdakota,Thompson
/r/williston,Williston
/r/ohio,Ohio
/r/akron,Akron
/r/ashlandohio,Ashland
/r/athensohio,Athens
/r/beavercreekoh,Beaver Creek
/r/bellbrook,Bellbrook
/r/bgohio,Bowling Green
/r/Cambridge_Ohio,Cambridge
/r/canfield,Canfield
/r/canton,Canton
/r/carlisleohio,Carlisle
/r/carrolltonohio,Carrollton
/r/centerburg,Centerburg
/r/chagrinfalls,Chagrin Falls
/r/chardon,Chardon
/r/towpath,Chesapeake & Ohio Canal
/r/chillicothe,Chillicothe
/r/cincinnati,Cincinnati
/r/cleveland,Cleveland
/r/clintoncounty,Clinton County
/r/columbus,Columbus
/r/Cuyahoga,Cuyahoga
/r/cuyahogafalls,Cuyahoga Falls
/r/dayton,Dayton
/r/delawareoh,Delaware
/r/dublinohio,Dublin
/r/eastcanton,East Canton
/r/eaton,Eaton
/r/Elyria,Elyria
/r/fairborn,Fairborn
/r/Findlay,Findlay
/r/fortclinton,Fort Clinton
/r/gahanna,Gahanna
/r/geauga,Geauga County
/r/Grandviewheightsohio,Grandview Heights
/r/gville,Granville
/r/Granvilleohio,Granville OH
/r/Greentown,Greentown
/r/hamilton_ohio,Hamilton
/r/hilliard,Hilliard
/r/howland,Howland
/r/hudsonoh,Hudson
/r/kent,Kent
/r/lakewood,Lakewood
/r/lancastero,Lancaster
/r/lewiscenter,Lewis Center
/r/lima,Lima
/r/LondonOhio,London
/r/Lorain,Lorain
/r/louisvilleohio,Louisville
/r/mahoningvalley,Mahoning Valley
/r/mansfield,Mansfield
/r/MariettaOH,Marietta
/r/massillon,Massillon
/r/44646,Massillon (44646)
/r/maumee,Maumee
/r/MedinaOhio,Medina
/r/CityofMentor,Mentor
/r/mercercountyohio,Mercer County
/r/MiddletownOhio,Middletown
/r/Monroe_County,Monroe County
/r/morgancounty,Morgan County
/r/mountvernon,Mt. Vernon
/r/nerk,Newark (Nerk)
/r/newarkohio,Newark
/r/neohio,Northeast Ohio
/r/NorthOlmsted,North Olmsted
/r/NorthRidgeville,North Ridgeville
/r/ottowacooh,Ottowa County
/r/pataskala,Pataskala
/r/Pickerington,Pickerington
/r/portagelakes,Portage Lakes
/r/ravenna,Ravenna
/r/reynoldsburg,Reynoldsburg
/r/Sandusky,Sandusky
/r/sheffieldlake,Sheffield Lake
/r/shelbyohio,Shelby
/r/solonoh,Solon
/r/southernohio,Southern Ohio
/r/springfieldoh,Springfield
/r/starkcounty,Stark County
/r/starkcountyOhio,Stark County OH
/r/Steubenville,Steubenville
/r/stow,Stow
/r/Sylvania,Sylvania
/r/tallmadge,Tallmadge
/r/toledo,Toledo
/r/tcounty,Tuscarawas County
/r/unioncounty,Union County
/r/vanwert,Van Wert
/r/wadsworthoh,Wadsworth
/r/WauseonOhio,Wauseon
/r/westcentralohio,West Central Ohio
/r/westerville,Westerville
/r/WilmingtonOH,Wilmington
/r/YellowSprings,Yellow Springs
/r/Youngstown,Youngstown
/r/zanesville,Zanesville
/r/oklahoma,Oklahoma
/r/ardmore,Ardmore
/r/bville,Bartlesville
/r/beggs,Beggs
/r/choctawOK,Choctaw
/r/Claremore,Claremore
/r/DuncanOk,Duncan
/r/Edmond,Edmond
/r/EdmondOK,Edmond OK
/r/glenpool,Glenpool
/r/hominy,Hominy
/r/lawtonok,Lawton
/r/MooreOK,Moore
/r/mustangok,Mustang OK
/r/MustangOklahoma,Mustang
/r/muskogee,Muskogee
/r/normanok,Norman
/r/NWOK,Northwest Oklahoma
/r/okc,Oklahoma City (OKC)
/r/oklahomacity,Oklahoma City
/r/owasso,Owasso
/r/tahlequah,Tahlequah
/r/tulsa,Tulsa
/r/oregon,Oregon
/r/orygun,Orygun
/r/ashland,Ashland
/r/Astoria_Oregon,Astoria
/r/beaverton,Beaverton
/r/bend,Bend
/r/bendoregon,Bend OR
/r/Brookings,Brookings
/r/canbyoregon,Canby
/r/cannonbeach,Cannon Beach
/r/centraloregon,Central Oregon
/r/clackamas,Clackamas County
/r/CollinsBeach,Collins Beach
/r/corvallis,Corvallis
/r/CreswellOR,Creswell
/r/EasternOregon,Eastern Oregon
/r/estacada,Estacada
/r/eugene,Eugene
/r/grantspass,Grants Pass
/r/gresham,Gresham
/r/hillsboro,Hillsboro
/r/keizer,Keizer
/r/klamathfalls,Klamath Falls
/r/lanecountyoregon,Lane County
/r/lakeoswego,Lake Oswego
/r/medford,Medford
/r/mcminnville,McMinnville
/r/MtBachelor,Mt. Bachelor
/r/NewportOR,Newport
/r/oregoncity,Oregon City
/r/oregoncoast,Oregon Coast
/r/portland,Portland
/r/portlandoregon,Portland OR
/r/RedmondOR,Redmond
/r/roguevalley,Rogue Valley
/r/roseburg,Roseburg
/r/salem,Salem
/r/sherwoodoregon,Sherwood
/r/silverton,Silverton
/r/SouthernOregon,Southern Oregon
/r/SpringfieldOR,Springfield
/r/thedalles,The Dalles
/r/troutdale_oregon,Troutdale
/r/tualatin,Tualatin
/r/WestLinnOR,West Linn
/r/pennsylvania,Pennsylvania
/r/KingAllentown,Allentown
/r/AllwoodManor,Allwood Manor
/r/altoona,Altoona
/r/aston,Aston
/r/BeaverPA,Beaver
/r/BeaverCounty,Beaver County
/r/berksco,Berks County
/r/bethelpark,Bethel Park
/r/bethlehem,Bethlehem
/r/Bloomsburg,Bloomsburg
/r/Bluemtn,Blue Mountain
/r/buckscountypa,Bucks County
/r/ButlerPA,Butler
/r/carlisle,Carlisle
/r/centralpa,Central Pennsylvania
/r/chestercounty,Chester County
/r/cheswick,Cheswick
/r/conshohocken,Conshohocken
/r/coudersport,Coudersport
/r/delco,Delaware County
/r/delawarecounty,Delaware County PA
/r/dillsburg,Dillsburg
/r/downingtown,Downingtown
/r/DuBoisPA,DuBois
/r/easternpa,Eastern Pennsylvania
/r/Easton,Easton
/r/Edinboro,Edinboro
/r/ElkMountain,Elk Mountain
/r/enola,Enola
/r/erie,Erie
/r/fawngrove,Fawn Grove
/r/Gettysburg,Gettysburg
/r/greensburg,Greensburg
/r/hanoverpa,Hanover
/r/harrisburg,Harrisburg
/r/harrisburgpa,Harrisburg PA
/r/hazleton,Hazleton
/r/Hermitage,Hermitage
/r/Hershey,Hershey
/r/highspire,Highspire
/r/honesdale,Honesdale
/r/Horsham,Horsham
/r/IndianaPA,Indiana County
/r/johnstown,Johnstown
/r/kingofprussia,King of Prussia
/r/lancaster,Lancaster
/r/LancasterPA,Lancaster PA
/r/Lansdale,Lansdale
/r/lansdown,Lansdown
/r/lehighvalley,Lehigh Valley
/r/lehighvalleypa,Lehigh Valley PA
/r/levittown,Levittown
/r/lititz,Lititz
/r/macungie,Macungie
/r/manayunk,Manayunk
/r/meadville,Meadville
/r/Mechanicsburg,Mechanicsburg
/r/mercercounty,Mercer County
/r/montco,Montgomery County
/r/montgomeryville,Montgomeryville
/r/lebo,Mt. Lebanon
/r/MtLebo,Mt. Lebo(non)
/r/murrysville,Murrysville
/r/NewHopePA,NewHope
/r/nepa,Northeast Pennsylvania (NEPA)
/r/northeasternpa,Northeastern Pennsylvania
/r/nephilly,Northeast Philly
/r/nwpa,Northwest Pennsylvania(NWPA)
/r/pittsburgh,Pittsburgh
/r/philadelphia,Philadelphia
/r/phoenixville,Phoenixville
/r/PikeCountyPA,Pike County
/r/poconos,Poconos Region
/r/pottsville,Pottsville
/r/ReadingPA,Reading
/r/rhawnhurst,Rhawnhurst
/r/shaler,Shaler
/r/sharpsville,Sharpsville
/r/shippensburg,Shippensburg
/r/Springfielddelco,Springfield Delco
/r/stroudsburg,Stroudsburg
/r/trevose,Trevose
/r/towanda,Towanda
/r/upperstclair,Upper St. Clair
/r/VenangoCountyPA,Venango County
/r/WashingtonPA,Washington
/r/westchesterpa,West Chester
/r/westmifflin,West Mifflin
/r/wexford,Wexford
/r/williamsport,Williamsport
/r/wynnewood,Wynnewood
/r/Yardley,Yardley
/r/yorkpa,York
/r/YorkCountyPA,York County
/r/rhodeisland,Rhode Island
/r/Eastgreenwich,East Greenwich
/r/kentcountyri,Kent County
/r/misquamicut,Misquamicut
/r/narragansett,Narragansett
/r/newport,Newport
/r/pawtucket,Pawtucket
/r/providence,Providence
/r/southcounty,South County
/r/southcarolina,South Carolina
/r/AbbevilleSC,Abbeville
/r/AndersonSC,Anderson
/r/andersoncounty,Anderson County
/r/beaufort,Beaufort
/r/CalhounFalls,Calhoun Falls
/r/charleston,Charleston
/r/clemson,Clemson
/r/columbiasc,Columbia
/r/danielisland,Daniel Island
/r/easley,Easley
/r/EdgefieldSC,Edgefield
/r/florence,Florence
/r/fortmillsc,Fort Mill
/r/gtownsc,Georgetown
/r/greenville,Greenville
/r/greenwoodsc,Greenwood
/r/Greer,Greer
/r/hiltonhead,Hilton Head
/r/kiawahisland,Kiawah Island
/r/myrtlebeach,Myrtle Beach
/r/newberry,Newberry
/r/ninetysixsc,Ninety Six
/r/oconeesc,Oconee County
/r/pawleysisland,Pawleys Island
/r/Rockhill,Rockhill
/r/spartanburg,Spartanburg
/r/spartanburgsc,Spartanburg SC
/r/summervillesc,Summerville
/r/upstatesc,Upstate South Carolina
/r/wareshoals,Ware Shoals
/r/southdakota,South Dakota
/r/blackhills,Black Hills
/r/TheBlackHills,Black Hills, the
/r/madisonsd,Madison
/r/mtrushmore,Mount Rushmore
/r/pierre,Pierre
/r/rapidcity,Rapid City
/r/siouxfalls,Sioux Falls
/r/tennessee,Tennessee
/r/totallytennessee,Totally Tennessee
/r/athenstn,Athens TN
/r/athensunofficial,Athens
/r/bartlett,Bartlett
/r/baylortn,Baylor
/r/chattanooga,Chattanooga
/r/clarksville,Clarksville
/r/clevelandtn,Cleveland
/r/Collierville,Collierville
/r/cookeville,Cookeville
/r/crossville,Crossville
/r/crossvilleTN,Crossville TN
/r/DandridgeTN,Dandridge
/r/fayettevilleTN,Fayetteville
/r/franklintn,Franklin
/r/gatlinburgtn,Gatlinburg
/r/germantown,Germantown
/r/GSMNP,Great Smoky Mountain National Park
/r/hickmancountytn,Hickman County
/r/kingstonsprings,Kingston Springs
/r/knoxville,Knoxville
/r/lenoircity,Lenoir City
/r/livingston_tn,Livingston
/r/ManchesterTN,Manchester
/r/MaryvilleTN,Maryville
/r/McminnvilleTN,Mcminnville
/r/memphis,Memphis
/r/middletn,Middle Tennessee
/r/morristowntn,Morristown
/r/murfreesboro,Murfreesboro
/r/nashville,Nashville
/r/nashvilletennessee,Nashville TN
/r/powelltn,Powell
/r/RockwoodTN,Rockwood
/r/SavannahTN,Savannah
/r/springhill,Spring Hill
/r/tricities,Tri-Cities
/r/westtn,West Tennessee
/r/whitehousetn,White House
/r/WilliamsonCountyTN,Williamson County
/r/texas,Texas
/r/abilenetexas,Abilene
/r/dyess,Abilene (dyess)
/r/Allen,Allen
/r/Allentx,Allen TX
/r/amarillo,Amarillo
/r/aransaspass,Aransas Pass
/r/arlington,Arlington
/r/arlingtontx,Arlington TX
/r/atascocitatx,Atascocita
/r/Austin,Austin
/r/austintexas,Austin TX
/r/austinsanantonio,Austin-San Antonio
/r/bastroptx,Bastrop
/r/baycitytx,Bay City
/r/baytown,Baytown
/r/Beaumont,Beaumont
/r/bedford,Bedford
/r/BellCountyTX,Bell County
/r/belton,Belton
/r/benbrook,Benbrook
/r/BigBendTX,Big Bend National Park
/r/boerne,Boerne
/r/boyd,Boyd
/r/brazoriacounty,Brazoria County
/r/Brownwood_Texas,Brownwood
/r/bcstx,Bryan College Station
/r/burleson,Burleson
/r/CarrolltonTX,Carrollton
/r/castroville,Castroville
/r/cedarcreek,Cedar Creek
/r/CedarPark,Cedar Park
/r/heartland,Central Texas (Heartland)
/r/clearlake,Clearlake
/r/collegestation,College Station
/r/CollinCounty,Collin County
/r/commercetx,Commerce
/r/Conroe,Conroe
/r/copperascove,Copperas Cove
/r/corpus,Corpus (Christi)
/r/corpuschristi,Corpus Christi
/r/corsicanatx,Corsicana
/r/cypresstx,Cypress
/r/dallas,Dallas
/r/dfw,Dallas Fort Worth
/r/deerpark,Deer Park
/r/denton,Denton
/r/easttexas,East Texas
/r/east_texas,East_Texas
/r/easttx,East TX
/r/edinburg,Edinburg
/r/elpaso,El Paso
/r/ElginTx,Elgin
/r/euless,Euless
/r/flowermound,Flower Mound
/r/forney,Forney
/r/fortbend,Fort Bend
/r/fortworth,Fort Worth
/r/friendswood,Friendswood
/r/frisco,Frisco
/r/fulshear,Fulshear
/r/galveston,Galveston
/r/GarlandTX,Garland
/r/georgetowntx,Georgetown
/r/granbury,Granbury
/r/Harlingen,Harlingen
/r/heartland,Heartland
/r/heidenheimer,Heidenheimer
/r/HighlandVillage,Highland Village
/r/houston,Houston
/r/huntcounty,Hunt County
/r/huntsvilletx,Huntsville
/r/hurst,Hurst
/r/irvingtexas,Irving
/r/jerseyvillage,Jersey Village
/r/jollyville,Jollyville
/r/karnescity,Karnes City
/r/katytx,Katy
/r/katy_texas,Katy TX
/r/keller,Keller
/r/Kennedale,Kennedale
/r/Kingsville,Kingsville
/r/kingwood,Kingwood
/r/laketravis,Lake Travis
/r/laredo,Laredo
/r/cityoflaredo,Laredo, city of
/r/lascruces,Las Cruces
/r/leander,Leander
/r/leandercedarpark,Leander-Cedar Park
/r/lewisville,Lewisville
/r/lockhart,Lockhart
/r/longviewtexas,Longview
/r/lubbock,Lubbock
/r/lubbocktx,Lubbock TX
/r/marblefalls,Marble Falls
/r/mckinney,McKinney
/r/MesquiteTX,Mesquite
/r/midessa,Midland Odessa
/r/mineralwells,Mineral Wells
/r/Nacogdoches,Nacogdoches
/r/Navasota,Navasota
/r/northtexas,North Texas
/r/oakcliff,Oak Cliff
/r/OdessaTX,OdessaTX
/r/PalestineTX,Palestine
/r/paristexas,Paris
/r/paristx,Paris TX
/r/Pearland,Pearland
/r/pflugerville,Pflugerville
/r/plano,Plano
/r/planotx,Plano TX
/r/prosper,Prosper
/r/richardson,Richardson
/r/riograndevalley,Rio Grande Valley
/r/riveroaks,River Oaks
/r/roundrock,Round Rock
/r/roundrocktexas,Round Rock TX
/r/Rowlett,Rowlett
/r/RoyseCity,Royse City
/r/san_angelo,San Angelo
/r/sanantonio,San Antonio
/r/sanger,Sanger
/r/sanmarcos,San Marcos
/r/Schlitterbahn,Schlitterbahn
/r/SpringBranch,Spring Branch
/r/Southlake,Southlake
/r/southtexas,South Texas
/r/setx,Southeast Texas
/r/stephenville,Stephenville
/r/texarkana,Texarkana
/r/HillCountry,Texas Hill Country
/r/thecolony,The Colony
/r/valley956,The Valley (956)
/r/thewoodlands,The Woodlands
/r/tylertx,Tyler
/r/waco,Waco
/r/weatherford,Weatherford
/r/westcentraltexas,West Central Texas
/r/westtexas,West Texas
/r/whitesettlement,White Settlement
/r/wimberley,Wimberley
/r/utah,Utah
/r/CedarCity,Cedar City
/r/eaglemountain,Eagle Mountain
/r/kanab,Kanab
/r/Logan,Logan
/r/millcreek,Mill Creek
/r/moab,Moab
/r/northernutah,Northern Utah
/r/ogden,Ogden
/r/Orem,Orem
/r/parkcity,Park City
/r/provoutah,Provo
/r/saltlakecity,Salt Lake City
/r/Sandycity,Sandy
/r/southernutah,Southern Utah
/r/stgeorge,St. George
/r/Tooele,Tooele
/r/UtahValley,Utah Valley
/r/ZionNationalPark,Zion National Park
/r/ZionNP,Zion NP
/r/vermont,Vermont
/r/barre,Barre
/r/bellowsfalls,Bellows Falls
/r/burlington,Burlington
/r/burlingtonvt,Burlington VT
/r/btv,Burlington (BTV)
/r/essexvt,Essex
/r/JerichoUnderhill,Jericho-Underhill
/r/killington,Killington
/r/montpelier,Montpelier
/r/quechee,Quechee
/r/rutlandvt,Rutland
/r/southburlington,South Burlington
/r/stalbansvt,St. Albans
/r/stjohnsbury,St. Johnsbury
/r/Stowe,Stowe
/r/winooski,Winooski
/r/virginia,Virginia
/r/Alexandria_Virginia,Alexandria
/r/AlleghanyCo,Alleghany County
/r/blacksburg,Blacksburg
/r/bluemont,Bluemont
/r/buchanan,Buchanan
/r/charlottesville,Charlottesville
/r/chesapeake,Chesapeake
/r/chesapeakebay,Chesapeake Bay
/r/ChesterfieldVA,Chesterfield County
/r/coastalvirginia,Coastal Virginia
/r/DickensonVA,Dickenson County
/r/fairfaxcounty,Fairfax County
/r/hamptonroads,Hampton Roads
/r/hanoverco,Hanover County
/r/harrisonburg,Harrisonburg
/r/HuntingtonVA,Huntington
/r/fredericksburg,Fredericksburg
/r/leesburg,Leesburg
/r/lexvegasva,Lexington (Lexvegas)
/r/loudoun,Loudon County
/r/lurayva,Luray
/r/lynchburg,Lynchburg
/r/jamesriver,James River
/r/manassas,Manassas
/r/mechanicsvilleva,Mechanicsville
/r/merrifield,Merrifield
/r/montclairva,Montclair
/r/newkent,New Kent County
/r/nrv,New River Valley
/r/nova,Northern Virginia (NOVA)
/r/boredinnova,Northern Virginia (BoredInNova)
/r/northernva,Northern Virginia
/r/norfolk,Norfolk
/r/orangeva,Orange County
/r/powhatan,Powhatan County
/r/rappahannock,Rappahannock County
/r/rva,Richmond
/r/roanoke,Roanoke
/r/salemva,Salem
/r/shenandoah,Shenandoah Valley
/r/757,Southeast Virginia (757)
/r/swva,Southwest Virginia
/r/Stafford,Stafford
/r/staunton,Staunton
/r/StauntonVA,Staunton VA
/r/virginiabeach,Virginia Beach
/r/waynesboro,Waynesboro
/r/williamsburgva,Williamsburg
/r/winchester,Winchester
/r/yorktown,Yorktown
/r/washington,Washington
/r/Anacortes,Anacortes
/r/auburnwa,Auburn
/r/bainbridgeisland,Bainbridge Island
/r/bellevue,Bellevue
/r/bellevuewa,Bellevue WA
/r/bellingham,Bellingham
/r/bremerton,Bremerton
/r/burien,Burien
/r/camaswashington,Camas
/r/CapitolHillSea,Capitol Hill
/r/CastleRockWa,Castle Rock
/r/clallam,Clallam County
/r/CovingtonWA,Covington
/r/Duvall,Duvall
/r/Duvall_Washington,Duvall WA
/r/eastside,Eastside
/r/Eatonville,Eatonville
/r/Edmonds,Edmonds
/r/everett,Everett
/r/federalway,Federal Way
/r/FerndaleWashington,Ferndale
/r/forkswa,Forks
/r/grandcoulee,Grand Coulee
/r/graysharbor,Gray's Harbor
/r/Hockinson,Hockinson
/r/Issaquah,Issaquah
/r/kentwashington,Kent
/r/kentwa,Kent WA
/r/kingcounty,King County
/r/kirkland,Kirkland
/r/kitsap,Kitsap
/r/kittitas,Kittitas
/r/Lacey,Lacey
/r/lakestevenswa,Lake Stevens
/r/LangleyWA,Langley
/r/lewiscounty,Lewis County
/r/longview,Longview
/r/longviewwa,Longview WA
/r/lynnwood,Lynnwood
/r/LynnwoodWA,Lynnwood WA
/r/marysville,Marysville
/r/mercerisland,Mercer Island
/r/MountBaker,Mt. Baker
/r/rainier,Mt. Rainier
/r/northcascades,North Cascades National Park
/r/oceanshores,Ocean Shores
/r/Olympia,Olympia
/r/olympicpeninsula,Olympic Peninsula
/r/olympic_peninsula,Olympic_Peninsula
/r/parkland,Parkland
/r/pointroberts,Point Roberts
/r/portangeles,Port Angeles
/r/portorchard,Port Orchard
/r/porttownsend,Port Townsend
/r/poulsbo,Poulsbo
/r/PuyallupWA,Puyallup
/r/pugetsound,Puget Sound
/r/redmond,Redmond
/r/renton,Renton
/r/renton_wa,Renton WA
/r/Salkum,Salkum
/r/sammamish,Sammamish
/r/sanjuanislands,San Juan Islands
/r/seatac,Seattle Tacoma
/r/Seattle,Seattle
/r/SeattleWA,SeattleWA
/r/sheltonwa,Shelton
/r/shoreline,Shoreline
/r/skagitcounty,Skagit County
/r/skagitvalley,Skagit Valley
/r/snohomish,Snohomish
/r/SnohomishCounty,Snohomish County
/r/snoqualmie,Snoqualmie
/r/spokane,Spokane
/r/Stanhood,Stanhood
/r/stevenspass,Stevens Pass
/r/Sumner,Sumner
/r/tacoma,Tacoma
/r/Tulalip,Tulalip
/r/tukwila,Tukwila
/r/tumwater,Tumwater
/r/tricitieswa,Tricities
/r/vancouverwa,Vancouver
/r/Vancouver_wa,Vancouver WA
/r/downtownvancouver,Vancouver, Downtown
/r/vancouverwashington,Vancouver Washington
/r/wallawalla,Walla Walla
/r/wallawallawashington,Walla Walla WA
/r/wenatchee,Wenatchee
/r/whidbey,Whidbey Island
/r/woodinville,Woodinville
/r/yakima,Yakima
/r/westvirginia,West Virginia
/r/BeckleyOnReddit,Beckley
/r/bomontwv,Bomont
/r/CharlestonWV,Charleston
/r/coalwood,Coalwood
/r/easternpanhandle,Eastern Panhandle
/r/elkinswv,Elkins
/r/fairmont,Fairmont
/r/hampshirecounty,Hampshire County
/r/HuntingtonWV,Huntington
/r/fairmontwv,Fairmont
/r/martinsburg,Martinsburg
/r/morgantownwv,Morgantown
/r/parkersburg,Parkersburg
/r/sissonville,Sissonville
/r/snowshoemountain,Snowshoe Mountain
/r/WestonWV,Weston
/r/WheelingWV,Wheeling
/r/Wisconsin,Wisconsin
/r/antigo,Antigo
/r/appleton,Appleton
/r/bayview,Bayview
/r/beloitwisconsin,Beloit
/r/Brillion,Brillion
/r/Chequamegon_Bay_WI,Chequamegon Bay
/r/Delafield,Delafield
/r/delavan,Delavan
/r/doorcounty,Door County
/r/eauclaire,Eau Claire
/r/eau_claire,Eau_Claire
/r/ec_wisc,Eau Claire WI
/r/fonddulac,Fond du Lac
/r/foxcities,Fox Cities
/r/foxvalleywi,Fox Valley
/r/germantownwisconsin,Germantown
/r/greenbay,Green Bay
/r/smalltowngreendale,Greendale
/r/hortonville,Hortonville
/r/Janesville,Janesville
/r/kenosha,Kenosha
/r/lacrossewi,La Crosse
/r/madisonwi,Madison
/r/Manitowoc,Manitowoc
/r/medfordwi,Medford
/r/menomoneefalls,Menomonee Falls
/r/mequon,Mequon
/r/Milwaukee,Milwaukee
/r/middletonwi,Middleton
/r/northernwi,Northern Wisconsin
/r/Oakfield,Oakfield
/r/oregonwi,Oregon
/r/oshkosh,Oshkosh
/r/racinewi,Racine
/r/riverfallswi,River Falls
/r/riverwest,Riverwest
/r/rockdalewi,Rockdale
/r/sheboygan,Sheboygan
/r/swwisconsin,Southwest Wisconsin
/r/SpartaWI,Sparta
/r/stevenspoint,Stevens Point
/r/VeronaWisconsin,Verona
/r/waukesha,Waukesha
/r/waukeshawi,Waukesha WI
/r/waukeshacounty,Waukesha County
/r/waunakee,Waunakee
/r/wausau,Wausau
/r/westallis,West Allis
/r/westbend,West Bend
/r/WI_Boonies,Wisconsin Boonies
/r/Wyoming,Wyoming
/r/casper,Casper
/r/cheyenne,Cheyenne
/r/gillette,Gillette
/r/grandtetons,Grand Tetons National Park
/r/jacksonhole,Jackson Hole
/r/laramie,Laramie
/r/sheridanwyoming,Sheridan
/r/StarValley,Star Valley
/r/yellowstone,Yellowstone National Park
